area,age_group,population
Darlington,all_ages,54690
Darlington,age_16_24,4590
Darlington,age_25_49,16685
Darlington,age_50_64,11527
County Durham,all_ages,268988
County Durham,age_16_24,28675
County Durham,age_25_49,77837
County Durham,age_50_64,57370
Hartlepool,all_ages,47702
Hartlepool,age_16_24,4383
Hartlepool,age_25_49,14400
Hartlepool,age_50_64,10043
Middlesbrough,all_ages,71297
Middlesbrough,age_16_24,8555
Middlesbrough,age_25_49,21774
Middlesbrough,age_50_64,13467
Northumberland,all_ages,162875
Northumberland,age_16_24,12050
Northumberland,age_25_49,44017
Northumberland,age_50_64,38294
Redcar and Cleveland,all_ages,69813
Redcar and Cleveland,age_16_24,5811
Redcar and Cleveland,age_25_49,19844
Redcar and Cleveland,age_50_64,15156
Stockton-on-Tees,all_ages,101563
Stockton-on-Tees,age_16_24,9613
Stockton-on-Tees,age_25_49,31675
Stockton-on-Tees,age_50_64,20680
Gateshead,all_ages,103939
Gateshead,age_16_24,9912
Gateshead,age_25_49,33445
Gateshead,age_50_64,20883
Newcastle upon Tyne,all_ages,147845
Newcastle upon Tyne,age_16_24,26621
Newcastle upon Tyne,age_25_49,46402
Newcastle upon Tyne,age_50_64,24350
North Tyneside,all_ages,106649
North Tyneside,age_16_24,8453
North Tyneside,age_25_49,33775
North Tyneside,age_50_64,22652
South Tyneside,all_ages,77327
South Tyneside,age_16_24,6694
South Tyneside,age_25_49,23301
South Tyneside,age_50_64,16870
Sunderland,all_ages,142546
Sunderland,age_16_24,14236
Sunderland,age_25_49,43477
Sunderland,age_50_64,30026
Blackburn with Darwen,all_ages,73940
Blackburn with Darwen,age_16_24,7799
Blackburn with Darwen,age_25_49,24008
Blackburn with Darwen,age_50_64,13463
Blackpool,all_ages,69571
Blackpool,age_16_24,6621
Blackpool,age_25_49,20197
Blackpool,age_50_64,14719
Cheshire East,all_ages,195484
Cheshire East,age_16_24,15367
Cheshire East,age_25_49,54876
Cheshire East,age_50_64,43176
Cheshire West and Chester,all_ages,175016
Cheshire West and Chester,age_16_24,16818
Cheshire West and Chester,age_25_49,50529
Cheshire West and Chester,age_50_64,37431
Halton,all_ages,65764
Halton,age_16_24,5995
Halton,age_25_49,20577
Halton,age_50_64,13483
Warrington,all_ages,107886
Warrington,age_16_24,9117
Warrington,age_25_49,34214
Warrington,age_50_64,22466
Cumbria,all_ages,251187
Cumbria,age_16_24,19926
Cumbria,age_25_49,67740
Cumbria,age_50_64,57662
Bolton,all_ages,145926
Bolton,age_16_24,14009
Bolton,age_25_49,46127
Bolton,age_50_64,28264
Bury,all_ages,97735
Bury,age_16_24,8184
Bury,age_25_49,31157
Bury,age_50_64,19644
Manchester,all_ages,278635
Manchester,age_16_24,48603
Manchester,age_25_49,105317
Manchester,age_50_64,38136
Oldham,all_ages,121283
Oldham,age_16_24,12167
Oldham,age_25_49,38454
Oldham,age_50_64,22354
Rochdale,all_ages,112067
Rochdale,age_16_24,10593
Rochdale,age_25_49,36342
Rochdale,age_50_64,21612
Salford,all_ages,128518
Salford,age_16_24,14240
Salford,age_25_49,46122
Salford,age_50_64,21927
Stockport,all_ages,151299
Stockport,age_16_24,11853
Stockport,age_25_49,47847
Stockport,age_50_64,30386
Tameside,all_ages,115329
Tameside,age_16_24,10086
Tameside,age_25_49,36829
Tameside,age_50_64,23489
Trafford,all_ages,123596
Trafford,age_16_24,9601
Trafford,age_25_49,40804
Trafford,age_50_64,24355
Wigan,all_ages,164325
Wigan,age_16_24,14436
Wigan,age_25_49,51514
Wigan,age_50_64,34847
Lancashire,all_ages,611132
Lancashire,age_16_24,60595
Lancashire,age_25_49,175731
Lancashire,age_50_64,126571
Knowsley,all_ages,78527
Knowsley,age_16_24,7458
Knowsley,age_25_49,24570
Knowsley,age_50_64,16740
Liverpool,all_ages,251670
Liverpool,age_16_24,38150
Liverpool,age_25_49,84213
Liverpool,age_50_64,44552
Sefton,all_ages,142806
Sefton,age_16_24,11356
Sefton,age_25_49,39470
Sefton,age_50_64,31382
St. Helens,all_ages,92318
St. Helens,age_16_24,7883
St. Helens,age_25_49,28330
St. Helens,age_50_64,19068
Wirral,all_ages,166918
Wirral,age_16_24,13388
Wirral,age_25_49,48334
Wirral,age_50_64,35731
East Riding of Yorkshire,all_ages,173607
East Riding of Yorkshire,age_16_24,12953
East Riding of Yorkshire,age_25_49,44882
East Riding of Yorkshire,age_50_64,39552
"Kingston upon Hull, City of",all_ages,130083
"Kingston upon Hull, City of",age_16_24,15644
"Kingston upon Hull, City of",age_25_49,43807
"Kingston upon Hull, City of",age_50_64,23581
North East Lincolnshire,all_ages,81046
North East Lincolnshire,age_16_24,7181
North East Lincolnshire,age_25_49,23989
North East Lincolnshire,age_50_64,16675
North Lincolnshire,all_ages,86973
North Lincolnshire,age_16_24,7329
North Lincolnshire,age_25_49,25276
North Lincolnshire,age_50_64,18655
York,all_ages,107031
York,age_16_24,17343
York,age_25_49,31950
York,age_50_64,19359
North Yorkshire,all_ages,312539
North Yorkshire,age_16_24,22189
North Yorkshire,age_25_49,82984
North Yorkshire,age_50_64,72088
Barnsley,all_ages,126784
Barnsley,age_16_24,11281
Barnsley,age_25_49,39478
Barnsley,age_50_64,26714
Doncaster,all_ages,156121
Doncaster,age_16_24,13578
Doncaster,age_25_49,48199
Doncaster,age_50_64,32071
Rotherham,all_ages,135153
Rotherham,age_16_24,11898
Rotherham,age_25_49,41659
Rotherham,age_50_64,27308
Sheffield,all_ages,296150
Sheffield,age_16_24,44685
Sheffield,age_25_49,94940
Sheffield,age_50_64,50966
Bradford,all_ages,273164
Bradford,age_16_24,29252
Bradford,age_25_49,86592
Bradford,age_50_64,49106
Calderdale,all_ages,108230
Calderdale,age_16_24,9285
Calderdale,age_25_49,33434
Calderdale,age_50_64,22662
Kirklees,all_ages,224376
Kirklees,age_16_24,23761
Kirklees,age_25_49,69834
Kirklees,age_50_64,42964
Leeds,all_ages,407779
Leeds,age_16_24,60045
Leeds,age_25_49,131399
Leeds,age_50_64,69226
Wakefield,all_ages,175708
Wakefield,age_16_24,14829
Wakefield,age_25_49,55731
Wakefield,age_50_64,36078
Derby,all_ages,132229
Derby,age_16_24,15153
Derby,age_25_49,42461
Derby,age_50_64,23650
Leicester,all_ages,181510
Leicester,age_16_24,28821
Leicester,age_25_49,61048
Leicester,age_50_64,27672
Nottingham,all_ages,163734
Nottingham,age_16_24,34829
Nottingham,age_25_49,51217
Nottingham,age_50_64,24717
Rutland,all_ages,19287
Rutland,age_16_24,1373
Rutland,age_25_49,4774
Rutland,age_50_64,4252
Derbyshire,all_ages,407540
Derbyshire,age_16_24,33380
Derbyshire,age_25_49,120364
Derbyshire,age_50_64,90341
Leicestershire,all_ages,356618
Leicestershire,age_16_24,33713
Leicestershire,age_25_49,106772
Leicestershire,age_50_64,74092
Lincolnshire,all_ages,390137
Lincolnshire,age_16_24,34016
Lincolnshire,age_25_49,108319
Lincolnshire,age_50_64,84197
Northamptonshire,all_ages,386150
Northamptonshire,age_16_24,34047
Northamptonshire,age_25_49,121072
Northamptonshire,age_50_64,77842
Nottinghamshire,all_ages,424085
Nottinghamshire,age_16_24,36254
Nottinghamshire,age_25_49,128576
Nottinghamshire,age_50_64,89238
"Herefordshire, County of",all_ages,97658
"Herefordshire, County of",age_16_24,7365
"Herefordshire, County of",age_25_49,26922
"Herefordshire, County of",age_50_64,21447
Shropshire,all_ages,161228
Shropshire,age_16_24,12688
Shropshire,age_25_49,42682
Shropshire,age_50_64,36342
Stoke-on-Trent,all_ages,128780
Stoke-on-Trent,age_16_24,14087
Stoke-on-Trent,age_25_49,40413
Stoke-on-Trent,age_50_64,23769
Telford and Wrekin,all_ages,89920
Telford and Wrekin,age_16_24,9283
Telford and Wrekin,age_25_49,27758
Telford and Wrekin,age_50_64,17750
Staffordshire,all_ages,440382
Staffordshire,age_16_24,38372
Staffordshire,age_25_49,128298
Staffordshire,age_50_64,94291
Warwickshire,all_ages,287372
Warwickshire,age_16_24,25209
Warwickshire,age_25_49,86237
Warwickshire,age_50_64,58905
Birmingham,all_ages,591277
Birmingham,age_16_24,84585
Birmingham,age_25_49,199119
Birmingham,age_50_64,92731
Coventry,all_ages,187810
Coventry,age_16_24,28060
Coventry,age_25_49,66236
Coventry,age_50_64,28284
Dudley,all_ages,163886
Dudley,age_16_24,14867
Dudley,age_25_49,49958
Dudley,age_50_64,32383
Sandwell,all_ages,168634
Sandwell,age_16_24,16644
Sandwell,age_25_49,56908
Sandwell,age_50_64,30501
Solihull,all_ages,111579
Solihull,age_16_24,9075
Solihull,age_25_49,33181
Solihull,age_50_64,22710
Walsall,all_ages,145951
Walsall,age_16_24,14487
Walsall,age_25_49,46172
Walsall,age_50_64,26806
Wolverhampton,all_ages,133601
Wolverhampton,age_16_24,13377
Wolverhampton,age_25_49,43108
Wolverhampton,age_50_64,24790
Worcestershire,all_ages,303566
Worcestershire,age_16_24,25738
Worcestershire,age_25_49,87457
Worcestershire,age_50_64,63555
Bedford,all_ages,89837
Bedford,age_16_24,8072
Bedford,age_25_49,28792
Bedford,age_50_64,17570
Central Bedfordshire,all_ages,149648
Central Bedfordshire,age_16_24,11455
Central Bedfordshire,age_25_49,49960
Central Bedfordshire,age_50_64,30488
Luton,all_ages,110915
Luton,age_16_24,12429
Luton,age_25_49,38888
Luton,age_50_64,17835
Peterborough,all_ages,102264
Peterborough,age_16_24,9009
Peterborough,age_25_49,35224
Peterborough,age_50_64,17860
Southend-on-Sea,all_ages,95455
Southend-on-Sea,age_16_24,8252
Southend-on-Sea,age_25_49,30572
Southend-on-Sea,age_50_64,18416
Thurrock,all_ages,90329
Thurrock,age_16_24,8464
Thurrock,age_25_49,32451
Thurrock,age_50_64,15635
Cambridgeshire,all_ages,329629
Cambridgeshire,age_16_24,33273
Cambridgeshire,age_25_49,100645
Cambridgeshire,age_50_64,65133
Essex,all_ages,773431
Essex,age_16_24,66568
Essex,age_25_49,235564
Essex,age_50_64,156758
Hertfordshire,all_ages,624413
Hertfordshire,age_16_24,52701
Hertfordshire,age_25_49,210582
Hertfordshire,age_50_64,119398
Norfolk,all_ages,465815
Norfolk,age_16_24,42278
Norfolk,age_25_49,128817
Norfolk,age_50_64,95549
Suffolk,all_ages,389170
Suffolk,age_16_24,31210
Suffolk,age_25_49,109216
Suffolk,age_50_64,81061
Camden,all_ages,131627
Camden,age_16_24,17805
Camden,age_25_49,52157
Camden,age_50_64,20061
City of London,all_ages,2960
City of London,age_16_24,222
City of London,age_25_49,658
City of London,age_50_64,744
Hackney,all_ages,147251
Hackney,age_16_24,14067
Hackney,age_25_49,70771
Hackney,age_50_64,19842
Hammersmith and Fulham,all_ages,91893
Hammersmith and Fulham,age_16_24,10208
Hammersmith and Fulham,age_25_49,38146
Hammersmith and Fulham,age_50_64,15718
Haringey,all_ages,140521
Haringey,age_16_24,14156
Haringey,age_25_49,58674
Haringey,age_50_64,23820
Islington,all_ages,121187
Islington,age_16_24,17898
Islington,age_25_49,54080
Islington,age_50_64,17393
Kensington and Chelsea,all_ages,77549
Kensington and Chelsea,age_16_24,7114
Kensington and Chelsea,age_25_49,28710
Kensington and Chelsea,age_50_64,15317
Lambeth,all_ages,165479
Lambeth,age_16_24,17547
Lambeth,age_25_49,78322
Lambeth,age_50_64,25429
Lewisham,all_ages,160592
Lewisham,age_16_24,15640
Lewisham,age_25_49,69598
Lewisham,age_50_64,26604
Newham,all_ages,172393
Newham,age_16_24,21030
Newham,age_25_49,70377
Newham,age_50_64,25393
Southwark,all_ages,163976
Southwark,age_16_24,19679
Southwark,age_25_49,72429
Southwark,age_50_64,26297
Tower Hamlets,all_ages,157880
Tower Hamlets,age_16_24,21554
Tower Hamlets,age_25_49,74390
Tower Hamlets,age_50_64,17268
Wandsworth,all_ages,172139
Wandsworth,age_16_24,16646
Wandsworth,age_25_49,84531
Wandsworth,age_50_64,23392
Westminster,all_ages,120632
Westminster,age_16_24,12221
Westminster,age_25_49,48547
Westminster,age_50_64,21201
Barking and Dagenham,all_ages,114504
Barking and Dagenham,age_16_24,11603
Barking and Dagenham,age_25_49,43557
Barking and Dagenham,age_50_64,17271
Barnet,all_ages,204689
Barnet,age_16_24,19077
Barnet,age_25_49,74558
Barnet,age_50_64,35804
Bexley,all_ages,133042
Bexley,age_16_24,12176
Bexley,age_25_49,45702
Bexley,age_50_64,25031
Brent,all_ages,164023
Brent,age_16_24,16516
Brent,age_25_49,59936
Brent,age_50_64,29543
Bromley,all_ages,179183
Bromley,age_16_24,13609
Bromley,age_25_49,63185
Bromley,age_50_64,34150
Croydon,all_ages,205587
Croydon,age_16_24,18237
Croydon,age_25_49,74099
Croydon,age_50_64,38907
Ealing,all_ages,173366
Ealing,age_16_24,16434
Ealing,age_25_49,64243
Ealing,age_50_64,30722
Enfield,all_ages,177348
Enfield,age_16_24,16848
Enfield,age_25_49,64242
Enfield,age_50_64,31743
Greenwich,all_ages,148044
Greenwich,age_16_24,14944
Greenwich,age_25_49,59756
Greenwich,age_50_64,23933
Harrow,all_ages,126982
Harrow,age_16_24,10948
Harrow,age_25_49,43855
Harrow,age_50_64,23566
Havering,all_ages,139870
Havering,age_16_24,12402
Havering,age_25_49,46734
Havering,age_50_64,25658
Hillingdon,all_ages,158697
Hillingdon,age_16_24,16852
Hillingdon,age_25_49,56898
Hillingdon,age_50_64,27106
Hounslow,all_ages,136225
Hounslow,age_16_24,12980
Hounslow,age_25_49,51701
Hounslow,age_50_64,23099
Kingston upon Thames,all_ages,93709
Kingston upon Thames,age_16_24,10872
Kingston upon Thames,age_25_49,34577
Kingston upon Thames,age_50_64,15487
Merton,all_ages,108401
Merton,age_16_24,8738
Merton,age_25_49,43968
Merton,age_50_64,18655
Redbridge,all_ages,158145
Redbridge,age_16_24,15615
Redbridge,age_25_49,59678
Redbridge,age_50_64,26048
Richmond upon Thames,all_ages,104710
Richmond upon Thames,age_16_24,8140
Richmond upon Thames,age_25_49,37796
Richmond upon Thames,age_50_64,19909
Sutton,all_ages,108336
Sutton,age_16_24,8494
Sutton,age_25_49,39539
Sutton,age_50_64,20154
Waltham Forest,all_ages,142394
Waltham Forest,age_16_24,13325
Waltham Forest,age_25_49,57408
Waltham Forest,age_50_64,23739
Bracknell Forest,all_ages,62673
Bracknell Forest,age_16_24,5358
Bracknell Forest,age_25_49,22062
Bracknell Forest,age_50_64,12343
Brighton and Hove,all_ages,146458
Brighton and Hove,age_16_24,23972
Brighton and Hove,age_25_49,52123
Brighton and Hove,age_50_64,26084
Isle of Wight,all_ages,72629
Isle of Wight,age_16_24,5343
Isle of Wight,age_25_49,17797
Isle of Wight,age_50_64,16772
Medway,all_ages,145683
Medway,age_16_24,15338
Medway,age_25_49,47967
Medway,age_50_64,27651
Milton Keynes,all_ages,141280
Milton Keynes,age_16_24,11393
Milton Keynes,age_25_49,50687
Milton Keynes,age_50_64,25204
Portsmouth,all_ages,107011
Portsmouth,age_16_24,16132
Portsmouth,age_25_49,34989
Portsmouth,age_50_64,18634
Reading,all_ages,82992
Reading,age_16_24,11604
Reading,age_25_49,29748
Reading,age_50_64,13035
Slough,all_ages,75669
Slough,age_16_24,7199
Slough,age_25_49,28696
Slough,age_50_64,11753
Southampton,all_ages,125470
Southampton,age_16_24,22272
Southampton,age_25_49,41424
Southampton,age_50_64,19429
West Berkshire,all_ages,81498
West Berkshire,age_16_24,6419
West Berkshire,age_25_49,24825
West Berkshire,age_50_64,17151
Windsor and Maidenhead,all_ages,76682
Windsor and Maidenhead,age_16_24,5698
Windsor and Maidenhead,age_25_49,24814
Windsor and Maidenhead,age_50_64,15410
Wokingham,all_ages,86172
Wokingham,age_16_24,7072
Wokingham,age_25_49,27668
Wokingham,age_50_64,17014
Buckinghamshire,all_ages,283128
Buckinghamshire,age_16_24,23285
Buckinghamshire,age_25_49,87829
Buckinghamshire,age_50_64,56586
East Sussex,all_ages,294109
East Sussex,age_16_24,22724
East Sussex,age_25_49,77355
East Sussex,age_50_64,63820
Hampshire,all_ages,714426
Hampshire,age_16_24,59232
Hampshire,age_25_49,210096
Hampshire,age_50_64,150071
Kent,all_ages,814784
Kent,age_16_24,75251
Kent,age_25_49,244179
Kent,age_50_64,163745
Oxfordshire,all_ages,346100
Oxfordshire,age_16_24,37802
Oxfordshire,age_25_49,105478
Oxfordshire,age_50_64,67773
Surrey,all_ages,617075
Surrey,age_16_24,55594
Surrey,age_25_49,192635
Surrey,age_50_64,122841
West Sussex,all_ages,451962
West Sussex,age_16_24,34687
West Sussex,age_25_49,131723
West Sussex,age_50_64,94043
Bath and North East Somerset,all_ages,97420
Bath and North East Somerset,age_16_24,15483
Bath and North East Somerset,age_25_49,27110
Bath and North East Somerset,age_50_64,17940
Bournemouth,all_ages,98876
Bournemouth,age_16_24,13510
Bournemouth,age_25_49,30935
Bournemouth,age_50_64,17779
"Bristol, City of",all_ages,237896
"Bristol, City of",age_16_24,36047
"Bristol, City of",age_25_49,88434
"Bristol, City of",age_50_64,34718
Cornwall,all_ages,295145
Cornwall,age_16_24,26098
Cornwall,age_25_49,77478
Cornwall,age_50_64,64962
Isles of Scilly,all_ages,1090
Isles of Scilly,age_16_24,89
Isles of Scilly,age_25_49,308
Isles of Scilly,age_50_64,222
North Somerset,all_ages,113085
North Somerset,age_16_24,8606
North Somerset,age_25_49,32330
North Somerset,age_50_64,23327
Plymouth,all_ages,133251
Plymouth,age_16_24,17812
Plymouth,age_25_49,39450
Plymouth,age_50_64,25185
Poole,all_ages,77893
Poole,age_16_24,6557
Poole,age_25_49,22731
Poole,age_50_64,15841
South Gloucestershire,all_ages,146012
South Gloucestershire,age_16_24,13624
South Gloucestershire,age_25_49,46880
South Gloucestershire,age_50_64,28670
Swindon,all_ages,113389
Swindon,age_16_24,10020
Swindon,age_25_49,37595
Swindon,age_50_64,22697
Torbay,all_ages,70609
Torbay,age_16_24,5389
Torbay,age_25_49,18033
Torbay,age_50_64,15548
Wiltshire,all_ages,258506
Wiltshire,age_16_24,19885
Wiltshire,age_25_49,74313
Wiltshire,age_50_64,55693
Devon,all_ages,410811
Devon,age_16_24,35703
Devon,age_25_49,108279
Devon,age_50_64,88972
Dorset,all_ages,220466
Dorset,age_16_24,14753
Dorset,age_25_49,52573
Dorset,age_50_64,49508
Gloucestershire,all_ages,329465
Gloucestershire,age_16_24,29475
Gloucestershire,age_25_49,95168
Gloucestershire,age_50_64,69576
Somerset,all_ages,290832
Somerset,age_16_24,22168
Somerset,age_25_49,78248
Somerset,age_50_64,63588
Allerdale,all_ages,49123
Allerdale,age_16_24,3722
Allerdale,age_25_49,13146
Allerdale,age_50_64,11469
Barrow-in-Furness,all_ages,33479
Barrow-in-Furness,age_16_24,2845
Barrow-in-Furness,age_25_49,9652
Barrow-in-Furness,age_50_64,7351
Carlisle,all_ages,55856
Carlisle,age_16_24,5414
Carlisle,age_25_49,15954
Carlisle,age_50_64,11837
Copeland,all_ages,33722
Copeland,age_16_24,2592
Copeland,age_25_49,9594
Copeland,age_50_64,7756
Eden,all_ages,26587
Eden,age_16_24,1865
Eden,age_25_49,6542
Eden,age_50_64,6523
South Lakeland,all_ages,52420
South Lakeland,age_16_24,3488
South Lakeland,age_25_49,12852
South Lakeland,age_50_64,12726
Burnley,all_ages,44286
Burnley,age_16_24,3976
Burnley,age_25_49,13747
Burnley,age_50_64,8526
Chorley,all_ages,59880
Chorley,age_16_24,4727
Chorley,age_25_49,18806
Chorley,age_50_64,12542
Fylde,all_ages,40593
Fylde,age_16_24,2462
Fylde,age_25_49,10053
Fylde,age_50_64,9640
Hyndburn,all_ages,40394
Hyndburn,age_16_24,3673
Hyndburn,age_25_49,12428
Hyndburn,age_50_64,7872
Lancaster,all_ages,72167
Lancaster,age_16_24,10358
Lancaster,age_25_49,19442
Lancaster,age_50_64,14396
Pendle,all_ages,45848
Pendle,age_16_24,3916
Pendle,age_25_49,14273
Pendle,age_50_64,8892
Preston,all_ages,69123
Preston,age_16_24,10281
Preston,age_25_49,21086
Preston,age_50_64,12394
Ribble Valley,all_ages,30300
Ribble Valley,age_16_24,2131
Ribble Valley,age_25_49,8066
Ribble Valley,age_50_64,7202
Rossendale,all_ages,36063
Rossendale,age_16_24,2887
Rossendale,age_25_49,11234
Rossendale,age_50_64,7687
South Ribble,all_ages,56866
South Ribble,age_16_24,4643
South Ribble,age_25_49,16822
South Ribble,age_50_64,12104
West Lancashire,all_ages,58367
West Lancashire,age_16_24,7311
West Lancashire,age_25_49,15155
West Lancashire,age_50_64,12289
Wyre,all_ages,57245
Wyre,age_16_24,4230
Wyre,age_25_49,14619
Wyre,age_50_64,13027
Craven,all_ages,29350
Craven,age_16_24,1796
Craven,age_25_49,7348
Craven,age_50_64,6981
Hambleton,all_ages,46551
Hambleton,age_16_24,3217
Hambleton,age_25_49,11763
Hambleton,age_50_64,11016
Harrogate,all_ages,82421
Harrogate,age_16_24,5713
Harrogate,age_25_49,22562
Harrogate,age_50_64,18842
Richmondshire,all_ages,24518
Richmondshire,age_16_24,1868
Richmondshire,age_25_49,6554
Richmondshire,age_50_64,5688
Ryedale,all_ages,28350
Ryedale,age_16_24,1982
Ryedale,age_25_49,7200
Ryedale,age_50_64,6782
Scarborough,all_ages,55507
Scarborough,age_16_24,4319
Scarborough,age_25_49,13673
Scarborough,age_50_64,12591
Selby,all_ages,45842
Selby,age_16_24,3294
Selby,age_25_49,13884
Selby,age_50_64,10188
Amber Valley,all_ages,64748
Amber Valley,age_16_24,5168
Amber Valley,age_25_49,19191
Amber Valley,age_50_64,14337
Bolsover,all_ages,40445
Bolsover,age_16_24,3492
Bolsover,age_25_49,12222
Bolsover,age_50_64,8883
Chesterfield,all_ages,53686
Chesterfield,age_16_24,4510
Chesterfield,age_25_49,16369
Chesterfield,age_50_64,11522
Derbyshire Dales,all_ages,36387
Derbyshire Dales,age_16_24,2603
Derbyshire Dales,age_25_49,8756
Derbyshire Dales,age_50_64,8921
Erewash,all_ages,60138
Erewash,age_16_24,5016
Erewash,age_25_49,18809
Erewash,age_50_64,12799
High Peak,all_ages,46774
High Peak,age_16_24,4096
High Peak,age_25_49,13388
High Peak,age_50_64,10883
North East Derbyshire,all_ages,52142
North East Derbyshire,age_16_24,4196
North East Derbyshire,age_25_49,14434
North East Derbyshire,age_50_64,11651
South Derbyshire,all_ages,53220
South Derbyshire,age_16_24,4299
South Derbyshire,age_25_49,17195
South Derbyshire,age_50_64,11345
Blaby,all_ages,51738
Blaby,age_16_24,4025
Blaby,age_25_49,16176
Blaby,age_50_64,10625
Charnwood,all_ages,92486
Charnwood,age_16_24,12411
Charnwood,age_25_49,28144
Charnwood,age_50_64,17412
Harborough,all_ages,47521
Harborough,age_16_24,3452
Harborough,age_25_49,13534
Harborough,age_50_64,10629
Hinckley and Bosworth,all_ages,57781
Hinckley and Bosworth,age_16_24,4333
Hinckley and Bosworth,age_25_49,17480
Hinckley and Bosworth,age_50_64,12423
Melton,all_ages,26264
Melton,age_16_24,2063
Melton,age_25_49,7331
Melton,age_50_64,6083
North West Leicestershire,all_ages,51678
North West Leicestershire,age_16_24,4558
North West Leicestershire,age_25_49,15898
North West Leicestershire,age_50_64,11050
Oadby and Wigston,all_ages,29150
Oadby and Wigston,age_16_24,2871
Oadby and Wigston,age_25_49,8209
Oadby and Wigston,age_50_64,5870
Boston,all_ages,34893
Boston,age_16_24,2813
Boston,age_25_49,10720
Boston,age_50_64,6881
East Lindsey,all_ages,72010
East Lindsey,age_16_24,4896
East Lindsey,age_25_49,16752
East Lindsey,age_50_64,17176
Lincoln,all_ages,49293
Lincoln,age_16_24,9111
Lincoln,age_25_49,14948
Lincoln,age_50_64,8534
North Kesteven,all_ages,60048
North Kesteven,age_16_24,4419
North Kesteven,age_25_49,17093
North Kesteven,age_50_64,13173
South Holland,all_ages,48541
South Holland,age_16_24,3599
South Holland,age_25_49,13901
South Holland,age_50_64,10228
South Kesteven,all_ages,75559
South Kesteven,age_16_24,5449
South Kesteven,age_25_49,21525
South Kesteven,age_50_64,16714
West Lindsey,all_ages,49793
West Lindsey,age_16_24,3729
West Lindsey,age_25_49,13380
West Lindsey,age_50_64,11491
Corby,all_ages,37704
Corby,age_16_24,3266
Corby,age_25_49,12882
Corby,age_50_64,7280
Daventry,all_ages,41872
Daventry,age_16_24,3165
Daventry,age_25_49,11925
Daventry,age_50_64,9784
East Northamptonshire,all_ages,47985
East Northamptonshire,age_16_24,3630
East Northamptonshire,age_25_49,14083
East Northamptonshire,age_50_64,10492
Kettering,all_ages,52428
Kettering,age_16_24,4400
Kettering,age_25_49,16458
Kettering,age_50_64,10345
Northampton,all_ages,117438
Northampton,age_16_24,12984
Northampton,age_25_49,39105
Northampton,age_50_64,20907
South Northamptonshire,all_ages,47530
South Northamptonshire,age_16_24,3294
South Northamptonshire,age_25_49,14071
South Northamptonshire,age_50_64,10691
Wellingborough,all_ages,41193
Wellingborough,age_16_24,3308
Wellingborough,age_25_49,12548
Wellingborough,age_50_64,8343
Ashfield,all_ages,65802
Ashfield,age_16_24,5888
Ashfield,age_25_49,20731
Ashfield,age_50_64,13609
Bassetlaw,all_ages,58808
Bassetlaw,age_16_24,4763
Bassetlaw,age_25_49,16548
Bassetlaw,age_50_64,13255
Broxtowe,all_ages,57858
Broxtowe,age_16_24,5180
Broxtowe,age_25_49,18054
Broxtowe,age_50_64,11753
Gedling,all_ages,61894
Gedling,age_16_24,4970
Gedling,age_25_49,19453
Gedling,age_50_64,12857
Mansfield,all_ages,56236
Mansfield,age_16_24,4832
Mansfield,age_25_49,17736
Mansfield,age_50_64,11683
Newark and Sherwood,all_ages,62950
Newark and Sherwood,age_16_24,5335
Newark and Sherwood,age_25_49,17916
Newark and Sherwood,age_50_64,13666
Rushcliffe,all_ages,60537
Rushcliffe,age_16_24,5286
Rushcliffe,age_25_49,18138
Rushcliffe,age_50_64,12415
Cannock Chase,all_ages,49956
Cannock Chase,age_16_24,4395
Cannock Chase,age_25_49,15563
Cannock Chase,age_50_64,10654
East Staffordshire,all_ages,59265
East Staffordshire,age_16_24,5149
East Staffordshire,age_25_49,17717
East Staffordshire,age_50_64,12406
Lichfield,all_ages,52416
Lichfield,age_16_24,3820
Lichfield,age_25_49,14760
Lichfield,age_50_64,11318
Newcastle-under-Lyme,all_ages,65689
Newcastle-under-Lyme,age_16_24,7763
Newcastle-under-Lyme,age_25_49,19824
Newcastle-under-Lyme,age_50_64,13022
South Staffordshire,all_ages,56456
South Staffordshire,age_16_24,4378
South Staffordshire,age_25_49,15083
South Staffordshire,age_50_64,12881
Stafford,all_ages,67434
Stafford,age_16_24,5521
Stafford,age_25_49,19526
Stafford,age_50_64,14659
Staffordshire Moorlands,all_ages,50120
Staffordshire Moorlands,age_16_24,3909
Staffordshire Moorlands,age_25_49,13430
Staffordshire Moorlands,age_50_64,11498
Tamworth,all_ages,39046
Tamworth,age_16_24,3437
Tamworth,age_25_49,12395
Tamworth,age_50_64,7853
North Warwickshire,all_ages,32436
North Warwickshire,age_16_24,2509
North Warwickshire,age_25_49,9408
North Warwickshire,age_50_64,7320
Nuneaton and Bedworth,all_ages,66252
Nuneaton and Bedworth,age_16_24,5786
Nuneaton and Bedworth,age_25_49,20753
Nuneaton and Bedworth,age_50_64,13143
Rugby,all_ages,54721
Rugby,age_16_24,4186
Rugby,age_25_49,17520
Rugby,age_50_64,10617
Stratford-on-Avon,all_ages,63897
Stratford-on-Avon,age_16_24,4366
Stratford-on-Avon,age_25_49,16854
Stratford-on-Avon,age_50_64,14618
Warwick,all_ages,70066
Warwick,age_16_24,8362
Warwick,age_25_49,21702
Warwick,age_50_64,13207
Bromsgrove,all_ages,50613
Bromsgrove,age_16_24,3748
Bromsgrove,age_25_49,14791
Bromsgrove,age_50_64,10662
Malvern Hills,all_ages,40040
Malvern Hills,age_16_24,2793
Malvern Hills,age_25_49,9854
Malvern Hills,age_50_64,9222
Redditch,all_ages,43019
Redditch,age_16_24,3668
Redditch,age_25_49,14005
Redditch,age_50_64,8286
Worcester,all_ages,52831
Worcester,age_16_24,6903
Worcester,age_25_49,16985
Worcester,age_50_64,9547
Wychavon,all_ages,65589
Wychavon,age_16_24,4724
Wychavon,age_25_49,17489
Wychavon,age_50_64,14991
Wyre Forest,all_ages,51474
Wyre Forest,age_16_24,3902
Wyre Forest,age_25_49,14333
Wyre Forest,age_50_64,10847
Cambridge,all_ages,58926
Cambridge,age_16_24,12741
Cambridge,age_25_49,17281
Cambridge,age_50_64,9096
East Cambridgeshire,all_ages,46324
East Cambridgeshire,age_16_24,3334
East Cambridgeshire,age_25_49,14688
East Cambridgeshire,age_50_64,9428
Fenland,all_ages,51909
Fenland,age_16_24,4332
Fenland,age_25_49,14674
Fenland,age_50_64,10830
Huntingdonshire,all_ages,90770
Huntingdonshire,age_16_24,6732
Huntingdonshire,age_25_49,28353
Huntingdonshire,age_50_64,19143
South Cambridgeshire,all_ages,81700
South Cambridgeshire,age_16_24,6134
South Cambridgeshire,age_25_49,25649
South Cambridgeshire,age_50_64,16636
Basildon,all_ages,98662
Basildon,age_16_24,8714
Basildon,age_25_49,32716
Basildon,age_50_64,18875
Braintree,all_ages,78930
Braintree,age_16_24,6404
Braintree,age_25_49,23901
Braintree,age_50_64,16737
Brentwood,all_ages,40763
Brentwood,age_16_24,3221
Brentwood,age_25_49,12983
Brentwood,age_50_64,8309
Castle Point,all_ages,47110
Castle Point,age_16_24,3927
Castle Point,age_25_49,12711
Castle Point,age_50_64,9721
Chelmsford,all_ages,90868
Chelmsford,age_16_24,8021
Chelmsford,age_25_49,29150
Chelmsford,age_50_64,17774
Colchester,all_ages,100010
Colchester,age_16_24,11576
Colchester,age_25_49,32744
Colchester,age_50_64,17973
Epping Forest,all_ages,69839
Epping Forest,age_16_24,5632
Epping Forest,age_25_49,22314
Epping Forest,age_50_64,14429
Harlow,all_ages,45568
Harlow,age_16_24,3904
Harlow,age_25_49,15549
Harlow,age_50_64,8391
Maldon,all_ages,33038
Maldon,age_16_24,2428
Maldon,age_25_49,8652
Maldon,age_50_64,7766
Rochford,all_ages,44904
Rochford,age_16_24,3730
Rochford,age_25_49,12673
Rochford,age_50_64,9745
Tendring,all_ages,77122
Tendring,age_16_24,5583
Tendring,age_25_49,18136
Tendring,age_50_64,16927
Uttlesford,all_ages,46617
Uttlesford,age_16_24,3428
Uttlesford,age_25_49,14035
Uttlesford,age_50_64,10111
Broxbourne,all_ages,51477
Broxbourne,age_16_24,4367
Broxbourne,age_25_49,16810
Broxbourne,age_50_64,10258
Dacorum,all_ages,80648
Dacorum,age_16_24,6199
Dacorum,age_25_49,27304
Dacorum,age_50_64,16005
East Hertfordshire,all_ages,78049
East Hertfordshire,age_16_24,5943
East Hertfordshire,age_25_49,25571
East Hertfordshire,age_50_64,16353
Hertsmere,all_ages,55568
Hertsmere,age_16_24,4493
Hertsmere,age_25_49,17827
Hertsmere,age_50_64,10627
North Hertfordshire,all_ages,70084
North Hertfordshire,age_16_24,5013
North Hertfordshire,age_25_49,23372
North Hertfordshire,age_50_64,13730
St Albans,all_ages,77664
St Albans,age_16_24,5401
St Albans,age_25_49,26765
St Albans,age_50_64,14383
Stevenage,all_ages,45792
Stevenage,age_16_24,3914
Stevenage,age_25_49,15962
Stevenage,age_50_64,8933
Three Rivers,all_ages,49415
Three Rivers,age_16_24,3735
Three Rivers,age_25_49,16069
Three Rivers,age_50_64,9820
Watford,all_ages,51392
Watford,age_16_24,4332
Watford,age_25_49,19880
Watford,age_50_64,8335
Welwyn Hatfield,all_ages,64324
Welwyn Hatfield,age_16_24,9304
Welwyn Hatfield,age_25_49,21022
Welwyn Hatfield,age_50_64,10954
Breckland,all_ages,71428
Breckland,age_16_24,5513
Breckland,age_25_49,19440
Breckland,age_50_64,15107
Broadland,all_ages,66525
Broadland,age_16_24,4850
Broadland,age_25_49,18227
Broadland,age_50_64,14483
Great Yarmouth,all_ages,50526
Great Yarmouth,age_16_24,4397
Great Yarmouth,age_25_49,13520
Great Yarmouth,age_50_64,10604
King's Lynn and West Norfolk,all_ages,79198
King's Lynn and West Norfolk,age_16_24,5861
King's Lynn and West Norfolk,age_25_49,20935
King's Lynn and West Norfolk,age_50_64,16902
North Norfolk,all_ages,54161
North Norfolk,age_16_24,3524
North Norfolk,age_25_49,11963
North Norfolk,age_50_64,12519
Norwich,all_ages,72005
Norwich,age_16_24,13095
Norwich,age_25_49,24089
Norwich,age_50_64,10669
South Norfolk,all_ages,71972
South Norfolk,age_16_24,5038
South Norfolk,age_25_49,20643
South Norfolk,age_50_64,15265
Babergh,all_ages,47323
Babergh,age_16_24,3400
Babergh,age_25_49,12134
Babergh,age_50_64,10615
Forest Heath,all_ages,32826
Forest Heath,age_16_24,2916
Forest Heath,age_25_49,10189
Forest Heath,age_50_64,5898
Ipswich,all_ages,70860
Ipswich,age_16_24,7026
Ipswich,age_25_49,24009
Ipswich,age_50_64,12853
Mid Suffolk,all_ages,52512
Mid Suffolk,age_16_24,3863
Mid Suffolk,age_25_49,14357
Mid Suffolk,age_50_64,11814
St Edmundsbury,all_ages,57343
St Edmundsbury,age_16_24,4560
St Edmundsbury,age_25_49,16422
St Edmundsbury,age_50_64,11739
Suffolk Coastal,all_ages,66888
Suffolk Coastal,age_16_24,4662
Suffolk Coastal,age_25_49,16123
Suffolk Coastal,age_50_64,15379
Waveney,all_ages,61418
Waveney,age_16_24,4783
Waveney,age_25_49,15982
Waveney,age_50_64,12763
Aylesbury Vale,all_ages,105007
Aylesbury Vale,age_16_24,8345
Aylesbury Vale,age_25_49,34682
Aylesbury Vale,age_50_64,20838
Chiltern,all_ages,49902
Chiltern,age_16_24,3508
Chiltern,age_25_49,14103
Chiltern,age_50_64,10536
South Bucks,all_ages,37287
South Bucks,age_16_24,2685
South Bucks,age_25_49,11017
South Bucks,age_50_64,7764
Wycombe,all_ages,90932
Wycombe,age_16_24,8747
Wycombe,age_25_49,28027
Wycombe,age_50_64,17448
Eastbourne,all_ages,54634
Eastbourne,age_16_24,4790
Eastbourne,age_25_49,14817
Eastbourne,age_50_64,10921
Hastings,all_ages,48711
Hastings,age_16_24,4494
Hastings,age_25_49,14447
Hastings,age_50_64,10451
Lewes,all_ages,54337
Lewes,age_16_24,4147
Lewes,age_25_49,14644
Lewes,age_50_64,11587
Rother,all_ages,50434
Rother,age_16_24,3228
Rother,age_25_49,11227
Rother,age_50_64,11433
Wealden,all_ages,85993
Wealden,age_16_24,6065
Wealden,age_25_49,22220
Wealden,age_50_64,19428
Basingstoke and Deane,all_ages,91153
Basingstoke and Deane,age_16_24,7366
Basingstoke and Deane,age_25_49,30111
Basingstoke and Deane,age_50_64,18632
East Hampshire,all_ages,62889
East Hampshire,age_16_24,4882
East Hampshire,age_25_49,16902
East Hampshire,age_50_64,14303
Eastleigh,all_ages,68145
Eastleigh,age_16_24,5440
Eastleigh,age_25_49,21820
Eastleigh,age_50_64,13628
Fareham,all_ages,60633
Fareham,age_16_24,4707
Fareham,age_25_49,17333
Fareham,age_50_64,13233
Gosport,all_ages,43616
Gosport,age_16_24,3921
Gosport,age_25_49,13091
Gosport,age_50_64,9073
Hart,all_ages,48648
Hart,age_16_24,3344
Hart,age_25_49,14926
Hart,age_50_64,10052
Havant,all_ages,65502
Havant,age_16_24,5663
Havant,age_25_49,17910
Havant,age_50_64,14319
New Forest,all_ages,94750
New Forest,age_16_24,6663
New Forest,age_25_49,23385
New Forest,age_50_64,20955
Rushmoor,all_ages,47963
Rushmoor,age_16_24,4331
Rushmoor,age_25_49,17176
Rushmoor,age_50_64,9177
Test Valley,all_ages,65667
Test Valley,age_16_24,4911
Test Valley,age_25_49,19323
Test Valley,age_50_64,13781
Winchester,all_ages,65460
Winchester,age_16_24,8004
Winchester,age_25_49,18119
Winchester,age_50_64,12918
Ashford,all_ages,67973
Ashford,age_16_24,5840
Ashford,age_25_49,20790
Ashford,age_50_64,13561
Canterbury,all_ages,84982
Canterbury,age_16_24,15039
Canterbury,age_25_49,22144
Canterbury,age_50_64,15475
Dartford,all_ages,57202
Dartford,age_16_24,4902
Dartford,age_25_49,20978
Dartford,age_50_64,10230
Dover,all_ages,59456
Dover,age_16_24,4865
Dover,age_25_49,16023
Dover,age_50_64,13246
Gravesham,all_ages,55723
Gravesham,age_16_24,5013
Gravesham,age_25_49,18090
Gravesham,age_50_64,10516
Maidstone,all_ages,88220
Maidstone,age_16_24,7293
Maidstone,age_25_49,27840
Maidstone,age_50_64,17652
Sevenoaks,all_ages,63070
Sevenoaks,age_16_24,4703
Sevenoaks,age_25_49,18594
Sevenoaks,age_50_64,12825
Folkestone and Hythe,all_ages,57561
Folkestone and Hythe,age_16_24,4415
Folkestone and Hythe,age_25_49,15509
Folkestone and Hythe,age_50_64,12705
Swale,all_ages,77272
Swale,age_16_24,6631
Swale,age_25_49,23545
Swale,age_50_64,15833
Thanet,all_ages,75809
Thanet,age_16_24,6365
Thanet,age_25_49,20963
Thanet,age_50_64,15638
Tonbridge and Malling,all_ages,67564
Tonbridge and Malling,age_16_24,5746
Tonbridge and Malling,age_25_49,21182
Tonbridge and Malling,age_50_64,13814
Tunbridge Wells,all_ages,59952
Tunbridge Wells,age_16_24,4439
Tunbridge Wells,age_25_49,18521
Tunbridge Wells,age_50_64,12250
Cherwell,all_ages,75514
Cherwell,age_16_24,6133
Cherwell,age_25_49,24370
Cherwell,age_50_64,15386
Oxford,all_ages,75151
Oxford,age_16_24,16790
Oxford,age_25_49,22988
Oxford,age_50_64,10995
South Oxfordshire,all_ages,72200
South Oxfordshire,age_16_24,5401
South Oxfordshire,age_25_49,21222
South Oxfordshire,age_50_64,15465
Vale of White Horse,all_ages,66972
Vale of White Horse,age_16_24,5267
Vale of White Horse,age_25_49,20417
Vale of White Horse,age_50_64,13895
West Oxfordshire,all_ages,56263
West Oxfordshire,age_16_24,4211
West Oxfordshire,age_25_49,16481
West Oxfordshire,age_50_64,12032
Elmbridge,all_ages,72056
Elmbridge,age_16_24,4785
Elmbridge,age_25_49,22805
Elmbridge,age_50_64,14721
Epsom and Ewell,all_ages,42503
Epsom and Ewell,age_16_24,4037
Epsom and Ewell,age_25_49,13600
Epsom and Ewell,age_50_64,8184
Guildford,all_ages,75396
Guildford,age_16_24,10890
Guildford,age_25_49,23576
Guildford,age_50_64,13661
Mole Valley,all_ages,45208
Mole Valley,age_16_24,3276
Mole Valley,age_25_49,12520
Mole Valley,age_50_64,10127
Reigate and Banstead,all_ages,77406
Reigate and Banstead,age_16_24,5747
Reigate and Banstead,age_25_49,25455
Reigate and Banstead,age_50_64,15158
Runnymede,all_ages,45882
Runnymede,age_16_24,7005
Runnymede,age_25_49,14375
Runnymede,age_50_64,8306
Spelthorne,all_ages,51415
Spelthorne,age_16_24,4010
Spelthorne,age_25_49,16965
Spelthorne,age_50_64,10324
Surrey Heath,all_ages,45563
Surrey Heath,age_16_24,3681
Surrey Heath,age_25_49,13699
Surrey Heath,age_50_64,9651
Tandridge,all_ages,45733
Tandridge,age_16_24,3332
Tandridge,age_25_49,13804
Tandridge,age_50_64,9695
Waverley,all_ages,64530
Waverley,age_16_24,4992
Waverley,age_25_49,18370
Waverley,age_50_64,13163
Woking,all_ages,51383
Woking,age_16_24,3839
Woking,age_25_49,17466
Woking,age_50_64,9851
Adur,all_ages,33805
Adur,age_16_24,2344
Adur,age_25_49,10137
Adur,age_50_64,6902
Arun,all_ages,85759
Arun,age_16_24,6370
Arun,age_25_49,21513
Arun,age_50_64,18386
Chichester,all_ages,63671
Chichester,age_16_24,5687
Chichester,age_25_49,15564
Chichester,age_50_64,13956
Crawley,all_ages,57173
Crawley,age_16_24,4973
Crawley,age_25_49,21237
Crawley,age_50_64,10283
Horsham,all_ages,73849
Horsham,age_16_24,5371
Horsham,age_25_49,20783
Horsham,age_50_64,16456
Mid Sussex,all_ages,79050
Mid Sussex,age_16_24,5562
Mid Sussex,age_25_49,24755
Mid Sussex,age_50_64,16013
Worthing,all_ages,58655
Worthing,age_16_24,4380
Worthing,age_25_49,17734
Worthing,age_50_64,12047
East Devon,all_ages,75771
East Devon,age_16_24,4756
East Devon,age_25_49,18256
East Devon,age_50_64,16511
Exeter,all_ages,66098
Exeter,age_16_24,12442
Exeter,age_25_49,20839
Exeter,age_50_64,10444
Mid Devon,all_ages,41820
Mid Devon,age_16_24,3181
Mid Devon,age_25_49,11470
Mid Devon,age_50_64,9284
North Devon,all_ages,48551
North Devon,age_16_24,3575
North Devon,age_25_49,12748
North Devon,age_50_64,10797
South Hams,all_ages,44556
South Hams,age_16_24,2741
South Hams,age_25_49,10715
South Hams,age_50_64,10850
Teignbridge,all_ages,69950
Teignbridge,age_16_24,4696
Teignbridge,age_25_49,18441
Teignbridge,age_50_64,15842
Torridge,all_ages,35582
Torridge,age_16_24,2485
Torridge,age_25_49,8872
Torridge,age_50_64,8419
West Devon,all_ages,28483
West Devon,age_16_24,1827
West Devon,age_25_49,6938
West Devon,age_50_64,6825
Christchurch,all_ages,26442
Christchurch,age_16_24,1791
Christchurch,age_25_49,6296
Christchurch,age_50_64,5541
East Dorset,all_ages,47103
East Dorset,age_16_24,2973
East Dorset,age_25_49,10767
East Dorset,age_50_64,10388
North Dorset,all_ages,36213
North Dorset,age_16_24,2462
North Dorset,age_25_49,9116
North Dorset,age_50_64,8057
Purbeck,all_ages,23675
Purbeck,age_16_24,1687
Purbeck,age_25_49,5749
Purbeck,age_50_64,5463
West Dorset,all_ages,53671
West Dorset,age_16_24,3269
West Dorset,age_25_49,12129
West Dorset,age_50_64,12498
Weymouth and Portland,all_ages,33362
Weymouth and Portland,age_16_24,2571
Weymouth and Portland,age_25_49,8516
Weymouth and Portland,age_50_64,7561
Cheltenham,all_ages,60841
Cheltenham,age_16_24,7296
Cheltenham,age_25_49,18644
Cheltenham,age_50_64,11333
Cotswold,all_ages,46006
Cotswold,age_16_24,3632
Cotswold,age_25_49,11622
Cotswold,age_50_64,10689
Forest of Dean,all_ages,44729
Forest of Dean,age_16_24,3872
Forest of Dean,age_25_49,11356
Forest of Dean,age_50_64,10408
Gloucester,all_ages,67993
Gloucester,age_16_24,6739
Gloucester,age_25_49,21997
Gloucester,age_50_64,13186
Stroud,all_ages,61920
Stroud,age_16_24,4515
Stroud,age_25_49,17586
Stroud,age_50_64,13841
Tewkesbury,all_ages,47976
Tewkesbury,age_16_24,3421
Tewkesbury,age_25_49,13963
Tewkesbury,age_50_64,10119
Mendip,all_ages,59888
Mendip,age_16_24,4544
Mendip,age_25_49,16533
Mendip,age_50_64,13434
Sedgemoor,all_ages,64487
Sedgemoor,age_16_24,5150
Sedgemoor,age_25_49,17558
Sedgemoor,age_50_64,14144
South Somerset,all_ages,86528
South Somerset,age_16_24,6603
South Somerset,age_25_49,22743
South Somerset,age_50_64,18849
Taunton Deane,all_ages,62060
Taunton Deane,age_16_24,4656
Taunton Deane,age_25_49,17887
Taunton Deane,age_50_64,12873
West Somerset,all_ages,17869
West Somerset,age_16_24,1215
West Somerset,age_25_49,3527
West Somerset,age_50_64,4288
Greater Manchester (Met County),all_ages,1438713
Greater Manchester (Met County),age_16_24,153772
Greater Manchester (Met County),age_25_49,480513
Greater Manchester (Met County),age_50_64,265014
Inner London,all_ages,1826079
Inner London,age_16_24,205787
Inner London,age_25_49,801390
Inner London,age_50_64,278479
Merseyside (Met County),all_ages,732239
Merseyside (Met County),age_16_24,78235
Merseyside (Met County),age_25_49,224917
Merseyside (Met County),age_50_64,147473
Outer London,all_ages,2777255
Outer London,age_16_24,257810
Outer London,age_25_49,1021432
Outer London,age_50_64,490525
South Yorkshire (Met County),all_ages,714208
South Yorkshire (Met County),age_16_24,81442
South Yorkshire (Met County),age_25_49,224276
South Yorkshire (Met County),age_50_64,137059
Tyne and Wear (Met County),all_ages,578306
Tyne and Wear (Met County),age_16_24,65916
Tyne and Wear (Met County),age_25_49,180400
Tyne and Wear (Met County),age_50_64,114781
West Midlands (Met County),all_ages,1502738
West Midlands (Met County),age_16_24,181095
West Midlands (Met County),age_25_49,494682
West Midlands (Met County),age_50_64,258205
West Yorkshire (Met County),all_ages,1189257
West Yorkshire (Met County),age_16_24,137172
West Yorkshire (Met County),age_25_49,376990
West Yorkshire (Met County),age_50_64,220036
North East,all_ages,1355234
North East,age_16_24,139593
North East,age_25_49,406632
North East,age_50_64,281318
North West,all_ages,3720932
North West,age_16_24,374245
North West,age_25_49,1153302
North West,age_50_64,741458
Yorkshire and The Humber,all_ages,2794744
Yorkshire and The Humber,age_16_24,301253
Yorkshire and The Humber,age_25_49,854154
Yorkshire and The Humber,age_50_64,547005
East Midlands,all_ages,2461290
East Midlands,age_16_24,251586
East Midlands,age_25_49,744603
East Midlands,age_50_64,496001
West Midlands,all_ages,3011644
West Midlands,age_16_24,313837
West Midlands,age_25_49,934449
West Midlands,age_50_64,574264
East,all_ages,3220906
East,age_16_24,283711
East,age_25_49,1000711
East,age_50_64,635703
London,all_ages,4603334
London,age_16_24,463597
London,age_25_49,1822822
London,age_50_64,769004
South East,all_ages,4725801
South East,age_16_24,446375
South East,age_25_49,1452095
South East,age_50_64,939359
South West,all_ages,2894746
South West,age_16_24,275219
South West,age_25_49,829865
South West,age_50_64,594226
England,all_ages,28788631
England,age_16_24,2849416
England,age_25_49,9198633
England,age_50_64,5578338
