area,age_group,population
Darlington,all_ages,54643
Darlington,age_16_24,4687
Darlington,age_25_49,16845
Darlington,age_50_64,11400
County Durham,all_ages,268344
County Durham,age_16_24,28735
County Durham,age_25_49,78448
County Durham,age_50_64,56984
Hartlepool,all_ages,47676
Hartlepool,age_16_24,4392
Hartlepool,age_25_49,14519
Hartlepool,age_50_64,9948
Middlesbrough,all_ages,71291
Middlesbrough,age_16_24,8622
Middlesbrough,age_25_49,21945
Middlesbrough,age_50_64,13458
Northumberland,all_ages,162752
Northumberland,age_16_24,12295
Northumberland,age_25_49,44565
Northumberland,age_50_64,38107
Redcar and Cleveland,all_ages,69788
Redcar and Cleveland,age_16_24,5865
Redcar and Cleveland,age_25_49,20067
Redcar and Cleveland,age_50_64,15073
Stockton-on-Tees,all_ages,101207
Stockton-on-Tees,age_16_24,9569
Stockton-on-Tees,age_25_49,31812
Stockton-on-Tees,age_50_64,20569
Gateshead,all_ages,103798
Gateshead,age_16_24,10053
Gateshead,age_25_49,33527
Gateshead,age_50_64,20730
Newcastle upon Tyne,all_ages,147613
Newcastle upon Tyne,age_16_24,26759
Newcastle upon Tyne,age_25_49,46648
Newcastle upon Tyne,age_50_64,24297
North Tyneside,all_ages,106345
North Tyneside,age_16_24,8548
North Tyneside,age_25_49,33911
North Tyneside,age_50_64,22520
South Tyneside,all_ages,77221
South Tyneside,age_16_24,6734
South Tyneside,age_25_49,23454
South Tyneside,age_50_64,16809
Sunderland,all_ages,142470
Sunderland,age_16_24,14392
Sunderland,age_25_49,43883
Sunderland,age_50_64,29866
Blackburn with Darwen,all_ages,73983
Blackburn with Darwen,age_16_24,7854
Blackburn with Darwen,age_25_49,24206
Blackburn with Darwen,age_50_64,13313
Blackpool,all_ages,69776
Blackpool,age_16_24,6649
Blackpool,age_25_49,20464
Blackpool,age_50_64,14656
Cheshire East,all_ages,194796
Cheshire East,age_16_24,15435
Cheshire East,age_25_49,55477
Cheshire East,age_50_64,42599
Cheshire West and Chester,all_ages,174451
Cheshire West and Chester,age_16_24,16885
Cheshire West and Chester,age_25_49,50925
Cheshire West and Chester,age_50_64,37029
Halton,all_ages,65639
Halton,age_16_24,6018
Halton,age_25_49,20778
Halton,age_50_64,13408
Warrington,all_ages,107348
Warrington,age_16_24,9221
Warrington,age_25_49,34386
Warrington,age_50_64,22089
Cumbria,all_ages,251423
Cumbria,age_16_24,20201
Cumbria,age_25_49,68906
Cumbria,age_50_64,57229
Bolton,all_ages,145402
Bolton,age_16_24,13982
Bolton,age_25_49,46515
Bolton,age_50_64,27807
Bury,all_ages,97416
Bury,age_16_24,8225
Bury,age_25_49,31357
Bury,age_50_64,19424
Manchester,all_ages,276986
Manchester,age_16_24,48745
Manchester,age_25_49,105063
Manchester,age_50_64,37565
Oldham,all_ages,120691
Oldham,age_16_24,12165
Oldham,age_25_49,38539
Oldham,age_50_64,22091
Rochdale,all_ages,111655
Rochdale,age_16_24,10677
Rochdale,age_25_49,36451
Rochdale,age_50_64,21432
Salford,all_ages,127542
Salford,age_16_24,14260
Salford,age_25_49,45926
Salford,age_50_64,21561
Stockport,all_ages,150547
Stockport,age_16_24,11923
Stockport,age_25_49,47903
Stockport,age_50_64,30098
Tameside,all_ages,114975
Tameside,age_16_24,10113
Tameside,age_25_49,37120
Tameside,age_50_64,23133
Trafford,all_ages,122773
Trafford,age_16_24,9560
Trafford,age_25_49,40815
Trafford,age_50_64,23971
Wigan,all_ages,163957
Wigan,age_16_24,14499
Wigan,age_25_49,52086
Wigan,age_50_64,34164
Lancashire,all_ages,610028
Lancashire,age_16_24,61077
Lancashire,age_25_49,177641
Lancashire,age_50_64,125044
Knowsley,all_ages,78297
Knowsley,age_16_24,7578
Knowsley,age_25_49,24630
Knowsley,age_50_64,16626
Liverpool,all_ages,250659
Liverpool,age_16_24,38698
Liverpool,age_25_49,83993
Liverpool,age_50_64,44420
Sefton,all_ages,142653
Sefton,age_16_24,11544
Sefton,age_25_49,39740
Sefton,age_50_64,31367
St. Helens,all_ages,92012
St. Helens,age_16_24,7968
St. Helens,age_25_49,28523
St. Helens,age_50_64,18789
Wirral,all_ages,166741
Wirral,age_16_24,13411
Wirral,age_25_49,48871
Wirral,age_50_64,35433
East Riding of Yorkshire,all_ages,173237
East Riding of Yorkshire,age_16_24,13031
East Riding of Yorkshire,age_25_49,45407
East Riding of Yorkshire,age_50_64,39309
"Kingston upon Hull, City of",all_ages,129964
"Kingston upon Hull, City of",age_16_24,15824
"Kingston upon Hull, City of",age_25_49,43973
"Kingston upon Hull, City of",age_50_64,23450
North East Lincolnshire,all_ages,81100
North East Lincolnshire,age_16_24,7149
North East Lincolnshire,age_25_49,24300
North East Lincolnshire,age_50_64,16549
North Lincolnshire,all_ages,86807
North Lincolnshire,age_16_24,7344
North Lincolnshire,age_25_49,25474
North Lincolnshire,age_50_64,18564
York,all_ages,106916
York,age_16_24,17424
York,age_25_49,32248
York,age_50_64,19123
North Yorkshire,all_ages,311782
North Yorkshire,age_16_24,22439
North Yorkshire,age_25_49,84013
North Yorkshire,age_50_64,71500
Barnsley,all_ages,125967
Barnsley,age_16_24,11332
Barnsley,age_25_49,39596
Barnsley,age_50_64,26223
Doncaster,all_ages,155867
Doncaster,age_16_24,13638
Doncaster,age_25_49,48535
Doncaster,age_50_64,31793
Rotherham,all_ages,134725
Rotherham,age_16_24,11905
Rotherham,age_25_49,41839
Rotherham,age_50_64,27099
Sheffield,all_ages,295043
Sheffield,age_16_24,44747
Sheffield,age_25_49,95319
Sheffield,age_50_64,50178
Bradford,all_ages,272641
Bradford,age_16_24,29243
Bradford,age_25_49,87260
Bradford,age_50_64,48512
Calderdale,all_ages,107879
Calderdale,age_16_24,9335
Calderdale,age_25_49,33690
Calderdale,age_50_64,22406
Kirklees,all_ages,223534
Kirklees,age_16_24,23791
Kirklees,age_25_49,70265
Kirklees,age_50_64,42239
Leeds,all_ages,406186
Leeds,age_16_24,60138
Leeds,age_25_49,131993
Leeds,age_50_64,68336
Wakefield,all_ages,174813
Wakefield,age_16_24,14973
Wakefield,age_25_49,55944
Wakefield,age_50_64,35680
Derby,all_ages,131709
Derby,age_16_24,15048
Derby,age_25_49,42726
Derby,age_50_64,23357
Leicester,all_ages,180547
Leicester,age_16_24,28751
Leicester,age_25_49,61153
Leicester,age_50_64,27501
Nottingham,all_ages,163433
Nottingham,age_16_24,35031
Nottingham,age_25_49,51565
Nottingham,age_50_64,24353
Rutland,all_ages,19196
Rutland,age_16_24,1396
Rutland,age_25_49,4840
Rutland,age_50_64,4198
Derbyshire,all_ages,405912
Derbyshire,age_16_24,33737
Derbyshire,age_25_49,121209
Derbyshire,age_50_64,89034
Leicestershire,all_ages,354051
Leicestershire,age_16_24,33890
Leicestershire,age_25_49,107172
Leicestershire,age_50_64,72913
Lincolnshire,all_ages,388182
Lincolnshire,age_16_24,34479
Lincolnshire,age_25_49,109087
Lincolnshire,age_50_64,83004
Northamptonshire,all_ages,383169
Northamptonshire,age_16_24,34058
Northamptonshire,age_25_49,121611
Northamptonshire,age_50_64,76370
Nottinghamshire,all_ages,421624
Nottinghamshire,age_16_24,36494
Nottinghamshire,age_25_49,128951
Nottinghamshire,age_50_64,88060
"Herefordshire, County of",all_ages,97246
"Herefordshire, County of",age_16_24,7452
"Herefordshire, County of",age_25_49,27068
"Herefordshire, County of",age_50_64,21341
Shropshire,all_ages,160604
Shropshire,age_16_24,12852
Shropshire,age_25_49,43155
Shropshire,age_50_64,35848
Stoke-on-Trent,all_ages,128442
Stoke-on-Trent,age_16_24,14051
Stoke-on-Trent,age_25_49,40711
Stoke-on-Trent,age_50_64,23546
Telford and Wrekin,all_ages,89458
Telford and Wrekin,age_16_24,9235
Telford and Wrekin,age_25_49,27929
Telford and Wrekin,age_50_64,17484
Staffordshire,all_ages,439310
Staffordshire,age_16_24,38643
Staffordshire,age_25_49,129547
Staffordshire,age_50_64,93236
Warwickshire,all_ages,286258
Warwickshire,age_16_24,25356
Warwickshire,age_25_49,86768
Warwickshire,age_50_64,58090
Birmingham,all_ages,587681
Birmingham,age_16_24,84657
Birmingham,age_25_49,198496
Birmingham,age_50_64,91211
Coventry,all_ages,185680
Coventry,age_16_24,28220
Coventry,age_25_49,65186
Coventry,age_50_64,27991
Dudley,all_ages,163433
Dudley,age_16_24,14938
Dudley,age_25_49,50217
Dudley,age_50_64,31960
Sandwell,all_ages,167512
Sandwell,age_16_24,16575
Sandwell,age_25_49,56901
Sandwell,age_50_64,29845
Solihull,all_ages,110970
Solihull,age_16_24,9164
Solihull,age_25_49,33163
Solihull,age_50_64,22398
Walsall,all_ages,145149
Walsall,age_16_24,14495
Walsall,age_25_49,46194
Walsall,age_50_64,26459
Wolverhampton,all_ages,132933
Wolverhampton,age_16_24,13413
Wolverhampton,age_25_49,43363
Wolverhampton,age_50_64,24316
Worcestershire,all_ages,302076
Worcestershire,age_16_24,25818
Worcestershire,age_25_49,87998
Worcestershire,age_50_64,62828
Bedford,all_ages,88950
Bedford,age_16_24,8056
Bedford,age_25_49,28772
Bedford,age_50_64,17288
Central Bedfordshire,all_ages,147762
Central Bedfordshire,age_16_24,11519
Central Bedfordshire,age_25_49,49631
Central Bedfordshire,age_50_64,29894
Luton,all_ages,110195
Luton,age_16_24,12283
Luton,age_25_49,38930
Luton,age_50_64,17642
Peterborough,all_ages,101539
Peterborough,age_16_24,9095
Peterborough,age_25_49,35203
Peterborough,age_50_64,17630
Southend-on-Sea,all_ages,94752
Southend-on-Sea,age_16_24,8220
Southend-on-Sea,age_25_49,30528
Southend-on-Sea,age_50_64,18073
Thurrock,all_ages,89334
Thurrock,age_16_24,8363
Thurrock,age_25_49,32359
Thurrock,age_50_64,15240
Cambridgeshire,all_ages,328178
Cambridgeshire,age_16_24,33553
Cambridgeshire,age_25_49,101578
Cambridgeshire,age_50_64,64094
Essex,all_ages,767597
Essex,age_16_24,66785
Essex,age_25_49,235706
Essex,age_50_64,154563
Hertfordshire,all_ages,619546
Hertfordshire,age_16_24,53165
Hertfordshire,age_25_49,210367
Hertfordshire,age_50_64,117554
Norfolk,all_ages,463393
Norfolk,age_16_24,42740
Norfolk,age_25_49,129323
Norfolk,age_50_64,94379
Suffolk,all_ages,387182
Suffolk,age_16_24,31386
Suffolk,age_25_49,109948
Suffolk,age_50_64,80079
Camden,all_ages,130502
Camden,age_16_24,17668
Camden,age_25_49,52445
Camden,age_50_64,19514
City of London,all_ages,2972
City of London,age_16_24,222
City of London,age_25_49,694
City of London,age_50_64,733
Hackney,all_ages,145512
Hackney,age_16_24,13981
Hackney,age_25_49,70271
Hackney,age_50_64,19445
Hammersmith and Fulham,all_ages,91887
Hammersmith and Fulham,age_16_24,10086
Hammersmith and Fulham,age_25_49,38790
Hammersmith and Fulham,age_50_64,15353
Haringey,all_ages,139625
Haringey,age_16_24,14260
Haringey,age_25_49,58745
Haringey,age_50_64,23317
Islington,all_ages,120356
Islington,age_16_24,17969
Islington,age_25_49,54019
Islington,age_50_64,17123
Kensington and Chelsea,all_ages,77669
Kensington and Chelsea,age_16_24,7057
Kensington and Chelsea,age_25_49,29208
Kensington and Chelsea,age_50_64,15155
Lambeth,all_ages,164797
Lambeth,age_16_24,17453
Lambeth,age_25_49,78504
Lambeth,age_50_64,25136
Lewisham,all_ages,158998
Lewisham,age_16_24,15574
Lewisham,age_25_49,69213
Lewisham,age_50_64,26086
Newham,all_ages,170899
Newham,age_16_24,21018
Newham,age_25_49,70235
Newham,age_50_64,24855
Southwark,all_ages,162788
Southwark,age_16_24,19552
Southwark,age_25_49,72396
Southwark,age_50_64,25841
Tower Hamlets,all_ages,155593
Tower Hamlets,age_16_24,21367
Tower Hamlets,age_25_49,73758
Tower Hamlets,age_50_64,16719
Wandsworth,all_ages,171299
Wandsworth,age_16_24,16593
Wandsworth,age_25_49,84760
Wandsworth,age_50_64,22947
Westminster,all_ages,119981
Westminster,age_16_24,12113
Westminster,age_25_49,48953
Westminster,age_50_64,20805
Barking and Dagenham,all_ages,112935
Barking and Dagenham,age_16_24,11367
Barking and Dagenham,age_25_49,43259
Barking and Dagenham,age_50_64,16763
Barnet,all_ages,202952
Barnet,age_16_24,19014
Barnet,age_25_49,74599
Barnet,age_50_64,35101
Bexley,all_ages,131786
Bexley,age_16_24,12205
Bexley,age_25_49,45329
Bexley,age_50_64,24691
Brent,all_ages,163441
Brent,age_16_24,16558
Brent,age_25_49,60405
Brent,age_50_64,29198
Bromley,all_ages,177343
Bromley,age_16_24,13581
Bromley,age_25_49,62743
Bromley,age_50_64,33556
Croydon,all_ages,203977
Croydon,age_16_24,18176
Croydon,age_25_49,74021
Croydon,age_50_64,38354
Ealing,all_ages,173068
Ealing,age_16_24,16397
Ealing,age_25_49,64889
Ealing,age_50_64,30301
Enfield,all_ages,176005
Enfield,age_16_24,16826
Enfield,age_25_49,64234
Enfield,age_50_64,31209
Greenwich,all_ages,146388
Greenwich,age_16_24,14799
Greenwich,age_25_49,59496
Greenwich,age_50_64,23313
Harrow,all_ages,126550
Harrow,age_16_24,10930
Harrow,age_25_49,44135
Harrow,age_50_64,23403
Havering,all_ages,138201
Havering,age_16_24,12348
Havering,age_25_49,46227
Havering,age_50_64,25263
Hillingdon,all_ages,157152
Hillingdon,age_16_24,16728
Hillingdon,age_25_49,56818
Hillingdon,age_50_64,26732
Hounslow,all_ages,135529
Hounslow,age_16_24,12826
Hounslow,age_25_49,52084
Hounslow,age_50_64,22669
Kingston upon Thames,all_ages,92789
Kingston upon Thames,age_16_24,10805
Kingston upon Thames,age_25_49,34551
Kingston upon Thames,age_50_64,15150
Merton,all_ages,107733
Merton,age_16_24,8672
Merton,age_25_49,43996
Merton,age_50_64,18410
Redbridge,all_ages,156705
Redbridge,age_16_24,15655
Redbridge,age_25_49,59341
Redbridge,age_50_64,25619
Richmond upon Thames,all_ages,103891
Richmond upon Thames,age_16_24,8000
Richmond upon Thames,age_25_49,37981
Richmond upon Thames,age_50_64,19410
Sutton,all_ages,107346
Sutton,age_16_24,8482
Sutton,age_25_49,39449
Sutton,age_50_64,19783
Waltham Forest,all_ages,141341
Waltham Forest,age_16_24,13398
Waltham Forest,age_25_49,57270
Waltham Forest,age_50_64,23355
Bracknell Forest,all_ages,62212
Bracknell Forest,age_16_24,5362
Bracknell Forest,age_25_49,22116
Bracknell Forest,age_50_64,12147
Brighton and Hove,all_ages,145995
Brighton and Hove,age_16_24,24079
Brighton and Hove,age_25_49,52360
Brighton and Hove,age_50_64,25549
Isle of Wight,all_ages,72379
Isle of Wight,age_16_24,5430
Isle of Wight,age_25_49,18014
Isle of Wight,age_50_64,16616
Medway,all_ages,144481
Medway,age_16_24,15294
Medway,age_25_49,47912
Medway,age_50_64,27337
Milton Keynes,all_ages,139948
Milton Keynes,age_16_24,11343
Milton Keynes,age_25_49,50655
Milton Keynes,age_50_64,24867
Portsmouth,all_ages,106674
Portsmouth,age_16_24,16142
Portsmouth,age_25_49,35241
Portsmouth,age_50_64,18337
Reading,all_ages,82674
Reading,age_16_24,11635
Reading,age_25_49,29957
Reading,age_50_64,12781
Slough,all_ages,75280
Slough,age_16_24,7089
Slough,age_25_49,28821
Slough,age_50_64,11584
Southampton,all_ages,125138
Southampton,age_16_24,22318
Southampton,age_25_49,41659
Southampton,age_50_64,19149
West Berkshire,all_ages,81148
West Berkshire,age_16_24,6552
West Berkshire,age_25_49,25084
West Berkshire,age_50_64,16864
Windsor and Maidenhead,all_ages,76398
Windsor and Maidenhead,age_16_24,5768
Windsor and Maidenhead,age_25_49,25026
Windsor and Maidenhead,age_50_64,15094
Wokingham,all_ages,85542
Wokingham,age_16_24,7036
Wokingham,age_25_49,27720
Wokingham,age_50_64,16759
Buckinghamshire,all_ages,280875
Buckinghamshire,age_16_24,23336
Buckinghamshire,age_25_49,87917
Buckinghamshire,age_50_64,55643
East Sussex,all_ages,291890
East Sussex,age_16_24,22846
East Sussex,age_25_49,77694
East Sussex,age_50_64,62847
Hampshire,all_ages,710767
Hampshire,age_16_24,59696
Hampshire,age_25_49,211410
Hampshire,age_50_64,147871
Kent,all_ages,808698
Kent,age_16_24,75527
Kent,age_25_49,244563
Kent,age_50_64,161157
Oxfordshire,all_ages,345076
Oxfordshire,age_16_24,37790
Oxfordshire,age_25_49,106562
Oxfordshire,age_50_64,66867
Surrey,all_ages,613908
Surrey,age_16_24,55806
Surrey,age_25_49,193633
Surrey,age_50_64,120877
West Sussex,all_ages,448549
West Sussex,age_16_24,34747
West Sussex,age_25_49,132263
West Sussex,age_50_64,92492
Bath and North East Somerset,all_ages,97016
Bath and North East Somerset,age_16_24,15617
Bath and North East Somerset,age_25_49,27199
Bath and North East Somerset,age_50_64,17800
Bournemouth,all_ages,98454
Bournemouth,age_16_24,13578
Bournemouth,age_25_49,31127
Bournemouth,age_50_64,17440
"Bristol, City of",all_ages,236196
"Bristol, City of",age_16_24,36100
"Bristol, City of",age_25_49,87698
"Bristol, City of",age_50_64,34509
Cornwall,all_ages,293248
Cornwall,age_16_24,26240
Cornwall,age_25_49,77989
Cornwall,age_50_64,64021
Isles of Scilly,all_ages,1100
Isles of Scilly,age_16_24,93
Isles of Scilly,age_25_49,315
Isles of Scilly,age_50_64,220
North Somerset,all_ages,112166
North Somerset,age_16_24,8665
North Somerset,age_25_49,32318
North Somerset,age_50_64,23023
Plymouth,all_ages,133119
Plymouth,age_16_24,17811
Plymouth,age_25_49,39928
Plymouth,age_50_64,24914
Poole,all_ages,77622
Poole,age_16_24,6528
Poole,age_25_49,22864
Poole,age_50_64,15714
South Gloucestershire,all_ages,144708
South Gloucestershire,age_16_24,13649
South Gloucestershire,age_25_49,46679
South Gloucestershire,age_50_64,28249
Swindon,all_ages,112660
Swindon,age_16_24,10016
Swindon,age_25_49,37882
Swindon,age_50_64,22273
Torbay,all_ages,70294
Torbay,age_16_24,5413
Torbay,age_25_49,18217
Torbay,age_50_64,15351
Wiltshire,all_ages,257068
Wiltshire,age_16_24,20053
Wiltshire,age_25_49,74959
Wiltshire,age_50_64,54786
Devon,all_ages,408418
Devon,age_16_24,35990
Devon,age_25_49,108526
Devon,age_50_64,88090
Dorset,all_ages,219499
Dorset,age_16_24,14934
Dorset,age_25_49,53113
Dorset,age_50_64,48877
Gloucestershire,all_ages,327121
Gloucestershire,age_16_24,29673
Gloucestershire,age_25_49,95534
Gloucestershire,age_50_64,68638
Somerset,all_ages,288945
Somerset,age_16_24,22299
Somerset,age_25_49,78632
Somerset,age_50_64,62707
Allerdale,all_ages,49125
Allerdale,age_16_24,3772
Allerdale,age_25_49,13385
Allerdale,age_50_64,11359
Barrow-in-Furness,all_ages,33611
Barrow-in-Furness,age_16_24,2907
Barrow-in-Furness,age_25_49,9837
Barrow-in-Furness,age_50_64,7266
Carlisle,all_ages,55794
Carlisle,age_16_24,5434
Carlisle,age_25_49,16150
Carlisle,age_50_64,11778
Copeland,all_ages,33853
Copeland,age_16_24,2635
Copeland,age_25_49,9792
Copeland,age_50_64,7740
Eden,all_ages,26575
Eden,age_16_24,1887
Eden,age_25_49,6680
Eden,age_50_64,6475
South Lakeland,all_ages,52465
South Lakeland,age_16_24,3566
South Lakeland,age_25_49,13062
South Lakeland,age_50_64,12611
Burnley,all_ages,44277
Burnley,age_16_24,3966
Burnley,age_25_49,13841
Burnley,age_50_64,8505
Chorley,all_ages,59318
Chorley,age_16_24,4708
Chorley,age_25_49,18903
Chorley,age_50_64,12219
Fylde,all_ages,40420
Fylde,age_16_24,2457
Fylde,age_25_49,10160
Fylde,age_50_64,9532
Hyndburn,all_ages,40443
Hyndburn,age_16_24,3771
Hyndburn,age_25_49,12574
Hyndburn,age_50_64,7796
Lancaster,all_ages,72193
Lancaster,age_16_24,10459
Lancaster,age_25_49,19769
Lancaster,age_50_64,14265
Pendle,all_ages,45838
Pendle,age_16_24,3962
Pendle,age_25_49,14406
Pendle,age_50_64,8837
Preston,all_ages,69283
Preston,age_16_24,10347
Preston,age_25_49,21414
Preston,age_50_64,12281
Ribble Valley,all_ages,30195
Ribble Valley,age_16_24,2154
Ribble Valley,age_25_49,8124
Ribble Valley,age_50_64,7115
Rossendale,all_ages,35923
Rossendale,age_16_24,2906
Rossendale,age_25_49,11332
Rossendale,age_50_64,7552
South Ribble,all_ages,56747
South Ribble,age_16_24,4696
South Ribble,age_25_49,17045
South Ribble,age_50_64,11939
West Lancashire,all_ages,58339
West Lancashire,age_16_24,7389
West Lancashire,age_25_49,15334
West Lancashire,age_50_64,12170
Wyre,all_ages,57052
Wyre,age_16_24,4262
Wyre,age_25_49,14739
Wyre,age_50_64,12833
Craven,all_ages,29272
Craven,age_16_24,1878
Craven,age_25_49,7417
Craven,age_50_64,6946
Hambleton,all_ages,46451
Hambleton,age_16_24,3283
Hambleton,age_25_49,11915
Hambleton,age_50_64,10952
Harrogate,all_ages,82307
Harrogate,age_16_24,5768
Harrogate,age_25_49,22876
Harrogate,age_50_64,18650
Richmondshire,all_ages,24550
Richmondshire,age_16_24,1928
Richmondshire,age_25_49,6684
Richmondshire,age_50_64,5643
Ryedale,all_ages,28165
Ryedale,age_16_24,1977
Ryedale,age_25_49,7244
Ryedale,age_50_64,6700
Scarborough,all_ages,55506
Scarborough,age_16_24,4305
Scarborough,age_25_49,13911
Scarborough,age_50_64,12555
Selby,all_ages,45531
Selby,age_16_24,3300
Selby,age_25_49,13966
Selby,age_50_64,10054
Amber Valley,all_ages,64471
Amber Valley,age_16_24,5295
Amber Valley,age_25_49,19298
Amber Valley,age_50_64,14141
Bolsover,all_ages,40272
Bolsover,age_16_24,3529
Bolsover,age_25_49,12309
Bolsover,age_50_64,8720
Chesterfield,all_ages,53576
Chesterfield,age_16_24,4568
Chesterfield,age_25_49,16483
Chesterfield,age_50_64,11377
Derbyshire Dales,all_ages,36342
Derbyshire Dales,age_16_24,2642
Derbyshire Dales,age_25_49,8845
Derbyshire Dales,age_50_64,8853
Erewash,all_ages,59837
Erewash,age_16_24,5010
Erewash,age_25_49,18917
Erewash,age_50_64,12580
High Peak,all_ages,46694
High Peak,age_16_24,4157
High Peak,age_25_49,13517
High Peak,age_50_64,10747
North East Derbyshire,all_ages,51984
North East Derbyshire,age_16_24,4215
North East Derbyshire,age_25_49,14595
North East Derbyshire,age_50_64,11511
South Derbyshire,all_ages,52736
South Derbyshire,age_16_24,4321
South Derbyshire,age_25_49,17245
South Derbyshire,age_50_64,11105
Blaby,all_ages,51332
Blaby,age_16_24,4050
Blaby,age_25_49,16170
Blaby,age_50_64,10490
Charnwood,all_ages,91691
Charnwood,age_16_24,12422
Charnwood,age_25_49,28196
Charnwood,age_50_64,17097
Harborough,all_ages,47116
Harborough,age_16_24,3482
Harborough,age_25_49,13583
Harborough,age_50_64,10481
Hinckley and Bosworth,all_ages,57354
Hinckley and Bosworth,age_16_24,4380
Hinckley and Bosworth,age_25_49,17582
Hinckley and Bosworth,age_50_64,12198
Melton,all_ages,26205
Melton,age_16_24,2107
Melton,age_25_49,7388
Melton,age_50_64,6021
North West Leicestershire,all_ages,51263
North West Leicestershire,age_16_24,4570
North West Leicestershire,age_25_49,15958
North West Leicestershire,age_50_64,10809
Oadby and Wigston,all_ages,29090
Oadby and Wigston,age_16_24,2879
Oadby and Wigston,age_25_49,8295
Oadby and Wigston,age_50_64,5817
Boston,all_ages,34774
Boston,age_16_24,2810
Boston,age_25_49,10746
Boston,age_50_64,6828
East Lindsey,all_ages,71760
East Lindsey,age_16_24,4959
East Lindsey,age_25_49,16987
East Lindsey,age_50_64,17004
Lincoln,all_ages,49339
Lincoln,age_16_24,9210
Lincoln,age_25_49,15111
Lincoln,age_50_64,8452
North Kesteven,all_ages,59655
North Kesteven,age_16_24,4512
North Kesteven,age_25_49,17192
North Kesteven,age_50_64,12929
South Holland,all_ages,48249
South Holland,age_16_24,3663
South Holland,age_25_49,13961
South Holland,age_50_64,10074
South Kesteven,all_ages,74974
South Kesteven,age_16_24,5545
South Kesteven,age_25_49,21675
South Kesteven,age_50_64,16383
West Lindsey,all_ages,49431
West Lindsey,age_16_24,3780
West Lindsey,age_25_49,13415
West Lindsey,age_50_64,11334
Corby,all_ages,37142
Corby,age_16_24,3246
Corby,age_25_49,12820
Corby,age_50_64,7096
Daventry,all_ages,41609
Daventry,age_16_24,3167
Daventry,age_25_49,12055
Daventry,age_50_64,9592
East Northamptonshire,all_ages,47595
East Northamptonshire,age_16_24,3673
East Northamptonshire,age_25_49,14196
East Northamptonshire,age_50_64,10211
Kettering,all_ages,52008
Kettering,age_16_24,4402
Kettering,age_25_49,16523
Kettering,age_50_64,10115
Northampton,all_ages,116699
Northampton,age_16_24,12913
Northampton,age_25_49,39234
Northampton,age_50_64,20618
South Northamptonshire,all_ages,47160
South Northamptonshire,age_16_24,3359
South Northamptonshire,age_25_49,14143
South Northamptonshire,age_50_64,10527
Wellingborough,all_ages,40956
Wellingborough,age_16_24,3298
Wellingborough,age_25_49,12640
Wellingborough,age_50_64,8211
Ashfield,all_ages,65339
Ashfield,age_16_24,5949
Ashfield,age_25_49,20741
Ashfield,age_50_64,13381
Bassetlaw,all_ages,58630
Bassetlaw,age_16_24,4865
Bassetlaw,age_25_49,16731
Bassetlaw,age_50_64,13024
Broxtowe,all_ages,57585
Broxtowe,age_16_24,5220
Broxtowe,age_25_49,18089
Broxtowe,age_50_64,11622
Gedling,all_ages,61480
Gedling,age_16_24,5012
Gedling,age_25_49,19484
Gedling,age_50_64,12659
Mansfield,all_ages,55958
Mansfield,age_16_24,4828
Mansfield,age_25_49,17736
Mansfield,age_50_64,11620
Newark and Sherwood,all_ages,62520
Newark and Sherwood,age_16_24,5364
Newark and Sherwood,age_25_49,18004
Newark and Sherwood,age_50_64,13461
Rushcliffe,all_ages,60112
Rushcliffe,age_16_24,5256
Rushcliffe,age_25_49,18166
Rushcliffe,age_50_64,12293
Cannock Chase,all_ages,49910
Cannock Chase,age_16_24,4452
Cannock Chase,age_25_49,15775
Cannock Chase,age_50_64,10514
East Staffordshire,all_ages,59092
East Staffordshire,age_16_24,5191
East Staffordshire,age_25_49,17869
East Staffordshire,age_50_64,12226
Lichfield,all_ages,52282
Lichfield,age_16_24,3892
Lichfield,age_25_49,14905
Lichfield,age_50_64,11202
Newcastle-under-Lyme,all_ages,65464
Newcastle-under-Lyme,age_16_24,7791
Newcastle-under-Lyme,age_25_49,19830
Newcastle-under-Lyme,age_50_64,12915
South Staffordshire,all_ages,56278
South Staffordshire,age_16_24,4416
South Staffordshire,age_25_49,15226
South Staffordshire,age_50_64,12810
Stafford,all_ages,67205
Stafford,age_16_24,5491
Stafford,age_25_49,19760
Stafford,age_50_64,14414
Staffordshire Moorlands,all_ages,50022
Staffordshire Moorlands,age_16_24,3915
Staffordshire Moorlands,age_25_49,13599
Staffordshire Moorlands,age_50_64,11379
Tamworth,all_ages,39057
Tamworth,age_16_24,3495
Tamworth,age_25_49,12583
Tamworth,age_50_64,7776
North Warwickshire,all_ages,32338
North Warwickshire,age_16_24,2501
North Warwickshire,age_25_49,9520
North Warwickshire,age_50_64,7198
Nuneaton and Bedworth,all_ages,65969
Nuneaton and Bedworth,age_16_24,5830
Nuneaton and Bedworth,age_25_49,20779
Nuneaton and Bedworth,age_50_64,13013
Rugby,all_ages,54315
Rugby,age_16_24,4189
Rugby,age_25_49,17524
Rugby,age_50_64,10439
Stratford-on-Avon,all_ages,63711
Stratford-on-Avon,age_16_24,4453
Stratford-on-Avon,age_25_49,17073
Stratford-on-Avon,age_50_64,14372
Warwick,all_ages,69925
Warwick,age_16_24,8383
Warwick,age_25_49,21872
Warwick,age_50_64,13068
Bromsgrove,all_ages,50276
Bromsgrove,age_16_24,3759
Bromsgrove,age_25_49,14740
Bromsgrove,age_50_64,10582
Malvern Hills,all_ages,39850
Malvern Hills,age_16_24,2837
Malvern Hills,age_25_49,9901
Malvern Hills,age_50_64,9154
Redditch,all_ages,42972
Redditch,age_16_24,3647
Redditch,age_25_49,14136
Redditch,age_50_64,8277
Worcester,all_ages,52644
Worcester,age_16_24,6883
Worcester,age_25_49,17109
Worcester,age_50_64,9431
Wychavon,all_ages,65038
Wychavon,age_16_24,4743
Wychavon,age_25_49,17562
Wychavon,age_50_64,14752
Wyre Forest,all_ages,51296
Wyre Forest,age_16_24,3949
Wyre Forest,age_25_49,14550
Wyre Forest,age_50_64,10632
Cambridge,all_ages,59139
Cambridge,age_16_24,12769
Cambridge,age_25_49,17754
Cambridge,age_50_64,8981
East Cambridgeshire,all_ages,45995
East Cambridgeshire,age_16_24,3351
East Cambridgeshire,age_25_49,14753
East Cambridgeshire,age_50_64,9251
Fenland,all_ages,51621
Fenland,age_16_24,4426
Fenland,age_25_49,14770
Fenland,age_50_64,10670
Huntingdonshire,all_ages,90226
Huntingdonshire,age_16_24,6863
Huntingdonshire,age_25_49,28454
Huntingdonshire,age_50_64,18852
South Cambridgeshire,all_ages,81197
South Cambridgeshire,age_16_24,6144
South Cambridgeshire,age_25_49,25847
South Cambridgeshire,age_50_64,16340
Basildon,all_ages,97810
Basildon,age_16_24,8792
Basildon,age_25_49,32590
Basildon,age_50_64,18577
Braintree,all_ages,78505
Braintree,age_16_24,6341
Braintree,age_25_49,24111
Braintree,age_50_64,16461
Brentwood,all_ages,40483
Brentwood,age_16_24,3269
Brentwood,age_25_49,12914
Brentwood,age_50_64,8243
Castle Point,all_ages,46865
Castle Point,age_16_24,3944
Castle Point,age_25_49,12765
Castle Point,age_50_64,9637
Chelmsford,all_ages,90314
Chelmsford,age_16_24,8019
Chelmsford,age_25_49,29245
Chelmsford,age_50_64,17584
Colchester,all_ages,99008
Colchester,age_16_24,11567
Colchester,age_25_49,32642
Colchester,age_50_64,17608
Epping Forest,all_ages,69264
Epping Forest,age_16_24,5650
Epping Forest,age_25_49,22300
Epping Forest,age_50_64,14185
Harlow,all_ages,45296
Harlow,age_16_24,3937
Harlow,age_25_49,15528
Harlow,age_50_64,8337
Maldon,all_ages,32830
Maldon,age_16_24,2414
Maldon,age_25_49,8719
Maldon,age_50_64,7705
Rochford,all_ages,44652
Rochford,age_16_24,3778
Rochford,age_25_49,12721
Rochford,age_50_64,9590
Tendring,all_ages,76497
Tendring,age_16_24,5615
Tendring,age_25_49,18187
Tendring,age_50_64,16670
Uttlesford,all_ages,46073
Uttlesford,age_16_24,3459
Uttlesford,age_25_49,13984
Uttlesford,age_50_64,9966
Broxbourne,all_ages,51176
Broxbourne,age_16_24,4379
Broxbourne,age_25_49,16880
Broxbourne,age_50_64,10103
Dacorum,all_ages,79995
Dacorum,age_16_24,6318
Dacorum,age_25_49,27227
Dacorum,age_50_64,15809
East Hertfordshire,all_ages,77319
East Hertfordshire,age_16_24,5982
East Hertfordshire,age_25_49,25516
East Hertfordshire,age_50_64,16056
Hertsmere,all_ages,55207
Hertsmere,age_16_24,4520
Hertsmere,age_25_49,17845
Hertsmere,age_50_64,10509
North Hertfordshire,all_ages,69555
North Hertfordshire,age_16_24,5080
North Hertfordshire,age_25_49,23400
North Hertfordshire,age_50_64,13449
St Albans,all_ages,77101
St Albans,age_16_24,5461
St Albans,age_25_49,26702
St Albans,age_50_64,14210
Stevenage,all_ages,45492
Stevenage,age_16_24,3983
Stevenage,age_25_49,15934
Stevenage,age_50_64,8823
Three Rivers,all_ages,49009
Three Rivers,age_16_24,3783
Three Rivers,age_25_49,16024
Three Rivers,age_50_64,9669
Watford,all_ages,50912
Watford,age_16_24,4316
Watford,age_25_49,19856
Watford,age_50_64,8159
Welwyn Hatfield,all_ages,63780
Welwyn Hatfield,age_16_24,9343
Welwyn Hatfield,age_25_49,20983
Welwyn Hatfield,age_50_64,10767
Breckland,all_ages,70923
Breckland,age_16_24,5603
Breckland,age_25_49,19478
Breckland,age_50_64,14921
Broadland,all_ages,66221
Broadland,age_16_24,4907
Broadland,age_25_49,18320
Broadland,age_50_64,14344
Great Yarmouth,all_ages,50423
Great Yarmouth,age_16_24,4475
Great Yarmouth,age_25_49,13601
Great Yarmouth,age_50_64,10484
King's Lynn and West Norfolk,all_ages,78827
King's Lynn and West Norfolk,age_16_24,5950
King's Lynn and West Norfolk,age_25_49,21148
King's Lynn and West Norfolk,age_50_64,16652
North Norfolk,all_ages,53941
North Norfolk,age_16_24,3598
North Norfolk,age_25_49,12025
North Norfolk,age_50_64,12381
Norwich,all_ages,71847
Norwich,age_16_24,13082
Norwich,age_25_49,24166
Norwich,age_50_64,10617
South Norfolk,all_ages,71211
South Norfolk,age_16_24,5125
South Norfolk,age_25_49,20585
South Norfolk,age_50_64,14980
Babergh,all_ages,47087
Babergh,age_16_24,3485
Babergh,age_25_49,12234
Babergh,age_50_64,10482
Forest Heath,all_ages,32523
Forest Heath,age_16_24,2962
Forest Heath,age_25_49,10156
Forest Heath,age_50_64,5857
Ipswich,all_ages,70523
Ipswich,age_16_24,6995
Ipswich,age_25_49,24164
Ipswich,age_50_64,12656
Mid Suffolk,all_ages,52173
Mid Suffolk,age_16_24,3903
Mid Suffolk,age_25_49,14404
Mid Suffolk,age_50_64,11644
St Edmundsbury,all_ages,57154
St Edmundsbury,age_16_24,4577
St Edmundsbury,age_25_49,16603
St Edmundsbury,age_50_64,11576
Suffolk Coastal,all_ages,66533
Suffolk Coastal,age_16_24,4627
Suffolk Coastal,age_25_49,16297
Suffolk Coastal,age_50_64,15209
Waveney,all_ages,61189
Waveney,age_16_24,4837
Waveney,age_25_49,16090
Waveney,age_50_64,12655
Aylesbury Vale,all_ages,103533
Aylesbury Vale,age_16_24,8357
Aylesbury Vale,age_25_49,34409
Aylesbury Vale,age_50_64,20402
Chiltern,all_ages,49673
Chiltern,age_16_24,3562
Chiltern,age_25_49,14139
Chiltern,age_50_64,10411
South Bucks,all_ages,37062
South Bucks,age_16_24,2720
South Bucks,age_25_49,11029
South Bucks,age_50_64,7662
Wycombe,all_ages,90607
Wycombe,age_16_24,8697
Wycombe,age_25_49,28340
Wycombe,age_50_64,17168
Eastbourne,all_ages,54309
Eastbourne,age_16_24,4775
Eastbourne,age_25_49,14951
Eastbourne,age_50_64,10740
Hastings,all_ages,48451
Hastings,age_16_24,4540
Hastings,age_25_49,14535
Hastings,age_50_64,10288
Lewes,all_ages,53918
Lewes,age_16_24,4138
Lewes,age_25_49,14684
Lewes,age_50_64,11418
Rother,all_ages,50056
Rother,age_16_24,3278
Rother,age_25_49,11278
Rother,age_50_64,11302
Wealden,all_ages,85156
Wealden,age_16_24,6115
Wealden,age_25_49,22246
Wealden,age_50_64,19099
Basingstoke and Deane,all_ages,90636
Basingstoke and Deane,age_16_24,7466
Basingstoke and Deane,age_25_49,30287
Basingstoke and Deane,age_50_64,18216
East Hampshire,all_ages,62563
East Hampshire,age_16_24,4867
East Hampshire,age_25_49,17060
East Hampshire,age_50_64,14136
Eastleigh,all_ages,67726
Eastleigh,age_16_24,5490
Eastleigh,age_25_49,21846
Eastleigh,age_50_64,13495
Fareham,all_ages,60293
Fareham,age_16_24,4751
Fareham,age_25_49,17478
Fareham,age_50_64,12984
Gosport,all_ages,43467
Gosport,age_16_24,3950
Gosport,age_25_49,13211
Gosport,age_50_64,8931
Hart,all_ages,48447
Hart,age_16_24,3361
Hart,age_25_49,15059
Hart,age_50_64,9880
Havant,all_ages,65165
Havant,age_16_24,5743
Havant,age_25_49,17985
Havant,age_50_64,14123
New Forest,all_ages,94390
New Forest,age_16_24,6779
New Forest,age_25_49,23592
New Forest,age_50_64,20725
Rushmoor,all_ages,47878
Rushmoor,age_16_24,4344
Rushmoor,age_25_49,17325
Rushmoor,age_50_64,9036
Test Valley,all_ages,65110
Test Valley,age_16_24,4945
Test Valley,age_25_49,19351
Test Valley,age_50_64,13568
Winchester,all_ages,65092
Winchester,age_16_24,8000
Winchester,age_25_49,18216
Winchester,age_50_64,12777
Ashford,all_ages,67347
Ashford,age_16_24,5861
Ashford,age_25_49,20852
Ashford,age_50_64,13265
Canterbury,all_ages,84634
Canterbury,age_16_24,15104
Canterbury,age_25_49,22292
Canterbury,age_50_64,15284
Dartford,all_ages,56479
Dartford,age_16_24,4905
Dartford,age_25_49,20747
Dartford,age_50_64,10075
Dover,all_ages,59171
Dover,age_16_24,4894
Dover,age_25_49,16156
Dover,age_50_64,13105
Gravesham,all_ages,55319
Gravesham,age_16_24,4944
Gravesham,age_25_49,18127
Gravesham,age_50_64,10343
Maidstone,all_ages,87369
Maidstone,age_16_24,7295
Maidstone,age_25_49,27887
Maidstone,age_50_64,17270
Sevenoaks,all_ages,62687
Sevenoaks,age_16_24,4707
Sevenoaks,age_25_49,18628
Sevenoaks,age_50_64,12665
Folkestone and Hythe,all_ages,57248
Folkestone and Hythe,age_16_24,4458
Folkestone and Hythe,age_25_49,15639
Folkestone and Hythe,age_50_64,12506
Swale,all_ages,76479
Swale,age_16_24,6657
Swale,age_25_49,23477
Swale,age_50_64,15588
Thanet,all_ages,75156
Thanet,age_16_24,6443
Thanet,age_25_49,20997
Thanet,age_50_64,15332
Tonbridge and Malling,all_ages,67047
Tonbridge and Malling,age_16_24,5759
Tonbridge and Malling,age_25_49,21173
Tonbridge and Malling,age_50_64,13596
Tunbridge Wells,all_ages,59762
Tunbridge Wells,age_16_24,4500
Tunbridge Wells,age_25_49,18588
Tunbridge Wells,age_50_64,12128
Cherwell,all_ages,75209
Cherwell,age_16_24,6128
Cherwell,age_25_49,24533
Cherwell,age_50_64,15168
Oxford,all_ages,75439
Oxford,age_16_24,16770
Oxford,age_25_49,23470
Oxford,age_50_64,10924
South Oxfordshire,all_ages,71875
South Oxfordshire,age_16_24,5461
South Oxfordshire,age_25_49,21369
South Oxfordshire,age_50_64,15250
Vale of White Horse,all_ages,66508
Vale of White Horse,age_16_24,5191
Vale of White Horse,age_25_49,20521
Vale of White Horse,age_50_64,13669
West Oxfordshire,all_ages,56045
West Oxfordshire,age_16_24,4240
West Oxfordshire,age_25_49,16669
West Oxfordshire,age_50_64,11856
Elmbridge,all_ages,71659
Elmbridge,age_16_24,4812
Elmbridge,age_25_49,22917
Elmbridge,age_50_64,14423
Epsom and Ewell,all_ages,42156
Epsom and Ewell,age_16_24,3995
Epsom and Ewell,age_25_49,13619
Epsom and Ewell,age_50_64,8001
Guildford,all_ages,75110
Guildford,age_16_24,10862
Guildford,age_25_49,23669
Guildford,age_50_64,13544
Mole Valley,all_ages,45039
Mole Valley,age_16_24,3286
Mole Valley,age_25_49,12693
Mole Valley,age_50_64,9961
Reigate and Banstead,all_ages,76778
Reigate and Banstead,age_16_24,5794
Reigate and Banstead,age_25_49,25485
Reigate and Banstead,age_50_64,14860
Runnymede,all_ages,45650
Runnymede,age_16_24,7031
Runnymede,age_25_49,14388
Runnymede,age_50_64,8208
Spelthorne,all_ages,51153
Spelthorne,age_16_24,4033
Spelthorne,age_25_49,17063
Spelthorne,age_50_64,10110
Surrey Heath,all_ages,45395
Surrey Heath,age_16_24,3714
Surrey Heath,age_25_49,13840
Surrey Heath,age_50_64,9537
Tandridge,all_ages,45400
Tandridge,age_16_24,3396
Tandridge,age_25_49,13832
Tandridge,age_50_64,9536
Waverley,all_ages,64308
Waverley,age_16_24,5048
Waverley,age_25_49,18558
Waverley,age_50_64,12962
Woking,all_ages,51260
Woking,age_16_24,3835
Woking,age_25_49,17569
Woking,age_50_64,9735
Adur,all_ages,33559
Adur,age_16_24,2359
Adur,age_25_49,10133
Adur,age_50_64,6787
Arun,all_ages,85017
Arun,age_16_24,6426
Arun,age_25_49,21642
Arun,age_50_64,18031
Chichester,all_ages,63287
Chichester,age_16_24,5693
Chichester,age_25_49,15719
Chichester,age_50_64,13775
Crawley,all_ages,56918
Crawley,age_16_24,4943
Crawley,age_25_49,21381
Crawley,age_50_64,10118
Horsham,all_ages,73252
Horsham,age_16_24,5365
Horsham,age_25_49,20840
Horsham,age_50_64,16211
Mid Sussex,all_ages,78325
Mid Sussex,age_16_24,5567
Mid Sussex,age_25_49,24766
Mid Sussex,age_50_64,15754
Worthing,all_ages,58191
Worthing,age_16_24,4394
Worthing,age_25_49,17782
Worthing,age_50_64,11816
East Devon,all_ages,75070
East Devon,age_16_24,4793
East Devon,age_25_49,18249
East Devon,age_50_64,16296
Exeter,all_ages,65909
Exeter,age_16_24,12553
Exeter,age_25_49,20808
Exeter,age_50_64,10378
Mid Devon,all_ages,41601
Mid Devon,age_16_24,3221
Mid Devon,age_25_49,11533
Mid Devon,age_50_64,9177
North Devon,all_ages,48456
North Devon,age_16_24,3623
North Devon,age_25_49,12834
North Devon,age_50_64,10680
South Hams,all_ages,44364
South Hams,age_16_24,2763
South Hams,age_25_49,10774
South Hams,age_50_64,10781
Teignbridge,all_ages,69353
Teignbridge,age_16_24,4695
Teignbridge,age_25_49,18395
Teignbridge,age_50_64,15703
Torridge,all_ages,35301
Torridge,age_16_24,2487
Torridge,age_25_49,8940
Torridge,age_50_64,8285
West Devon,all_ages,28364
West Devon,age_16_24,1855
West Devon,age_25_49,6993
West Devon,age_50_64,6790
Christchurch,all_ages,26285
Christchurch,age_16_24,1811
Christchurch,age_25_49,6322
Christchurch,age_50_64,5424
East Dorset,all_ages,46886
East Dorset,age_16_24,3003
East Dorset,age_25_49,10849
East Dorset,age_50_64,10280
North Dorset,all_ages,36037
North Dorset,age_16_24,2452
North Dorset,age_25_49,9243
North Dorset,age_50_64,7940
Purbeck,all_ages,23597
Purbeck,age_16_24,1695
Purbeck,age_25_49,5798
Purbeck,age_50_64,5402
West Dorset,all_ages,53415
West Dorset,age_16_24,3340
West Dorset,age_25_49,12278
West Dorset,age_50_64,12323
Weymouth and Portland,all_ages,33279
Weymouth and Portland,age_16_24,2633
Weymouth and Portland,age_25_49,8623
Weymouth and Portland,age_50_64,7508
Cheltenham,all_ages,60659
Cheltenham,age_16_24,7353
Cheltenham,age_25_49,18762
Cheltenham,age_50_64,11237
Cotswold,all_ages,45715
Cotswold,age_16_24,3666
Cotswold,age_25_49,11741
Cotswold,age_50_64,10507
Forest of Dean,all_ages,44432
Forest of Dean,age_16_24,3925
Forest of Dean,age_25_49,11404
Forest of Dean,age_50_64,10302
Gloucester,all_ages,67440
Gloucester,age_16_24,6708
Gloucester,age_25_49,22040
Gloucester,age_50_64,12966
Stroud,all_ages,61443
Stroud,age_16_24,4591
Stroud,age_25_49,17623
Stroud,age_50_64,13653
Tewkesbury,all_ages,47432
Tewkesbury,age_16_24,3430
Tewkesbury,age_25_49,13964
Tewkesbury,age_50_64,9973
Mendip,all_ages,59477
Mendip,age_16_24,4599
Mendip,age_25_49,16558
Mendip,age_50_64,13254
Sedgemoor,all_ages,63932
Sedgemoor,age_16_24,5211
Sedgemoor,age_25_49,17588
Sedgemoor,age_50_64,13875
South Somerset,all_ages,86129
South Somerset,age_16_24,6612
South Somerset,age_25_49,22945
South Somerset,age_50_64,18581
Taunton Deane,all_ages,61548
Taunton Deane,age_16_24,4650
Taunton Deane,age_25_49,17944
Taunton Deane,age_50_64,12716
West Somerset,all_ages,17859
West Somerset,age_16_24,1227
West Somerset,age_25_49,3597
West Somerset,age_50_64,4281
Greater Manchester (Met County),all_ages,1431944
Greater Manchester (Met County),age_16_24,154149
Greater Manchester (Met County),age_25_49,481775
Greater Manchester (Met County),age_50_64,261246
Inner London,all_ages,1812878
Inner London,age_16_24,204913
Inner London,age_25_49,801991
Inner London,age_50_64,273029
Merseyside (Met County),all_ages,730362
Merseyside (Met County),age_16_24,79199
Merseyside (Met County),age_25_49,225757
Merseyside (Met County),age_50_64,146635
Outer London,all_ages,2755132
Outer London,age_16_24,256767
Outer London,age_25_49,1020827
Outer London,age_50_64,482280
South Yorkshire (Met County),all_ages,711602
South Yorkshire (Met County),age_16_24,81622
South Yorkshire (Met County),age_25_49,225289
South Yorkshire (Met County),age_50_64,135293
Tyne and Wear (Met County),all_ages,577447
Tyne and Wear (Met County),age_16_24,66486
Tyne and Wear (Met County),age_25_49,181423
Tyne and Wear (Met County),age_50_64,114222
West Midlands (Met County),all_ages,1493358
West Midlands (Met County),age_16_24,181462
West Midlands (Met County),age_25_49,493520
West Midlands (Met County),age_50_64,254180
West Yorkshire (Met County),all_ages,1185053
West Yorkshire (Met County),age_16_24,137480
West Yorkshire (Met County),age_25_49,379152
West Yorkshire (Met County),age_50_64,217173
North East,all_ages,1353148
North East,age_16_24,140651
North East,age_25_49,409624
North East,age_50_64,279761
North West,all_ages,3709750
North West,age_16_24,376688
North West,age_25_49,1160315
North West,age_50_64,733248
Yorkshire and The Humber,all_ages,2786461
Yorkshire and The Humber,age_16_24,302313
Yorkshire and The Humber,age_25_49,859856
Yorkshire and The Humber,age_50_64,540961
East Midlands,all_ages,2447823
East Midlands,age_16_24,252884
East Midlands,age_25_49,748314
East Midlands,age_50_64,488790
West Midlands,all_ages,2996752
West Midlands,age_16_24,314869
West Midlands,age_25_49,936696
West Midlands,age_50_64,566553
East,all_ages,3198428
East,age_16_24,285165
East,age_25_49,1002345
East,age_50_64,626436
London,all_ages,4568010
London,age_16_24,461680
London,age_25_49,1822818
London,age_50_64,755309
South East,all_ages,4697632
South East,age_16_24,447796
South East,age_25_49,1458607
South East,age_50_64,924838
South West,all_ages,2877634
South West,age_16_24,276659
South West,age_25_49,832980
South West,age_50_64,586612
England,all_ages,28635638
England,age_16_24,2858705
England,age_25_49,9231555
England,age_50_64,5502508
